Variable 1,Variable 2,Correlation
R-M-TaG_y,R-M-TiTa_y,0.9819774206071898
L-M-TaG_y,L-M-TiTa_y,0.978345758760043
L-WH_x,R-WH_x,-0.9763354694942982
R-F-TaG_y,R-F-TiTa_y,0.9724009302858887
L-M-FeTi_z,L-M-TiTa_z,0.9678336777559634
R-F-FeTi_z,R-F-TiTa_z,0.9528915976059901
L-F-TaG_y,L-F-TiTa_y,0.9420132980937059
L-F-FeTi_z,L-F-TiTa_z,0.9418206606456092
R-F-TaG_x,R-F-TiTa_x,0.9357238785022711
L-M-TaG_z,L-M-TiTa_z,0.9323079660677129
R-M-FeTi_y,R-M-TaG_y,0.930804104460607
R-M-FeTi_y,R-M-TiTa_y,0.9290792976025345
R-M-TaG_x,R-M-TiTa_x,0.9274885586919929
R-F-CTr_y,R-F-CTr_z,-0.9270804240944632
L-H-TaG_y,L-H-TiTa_y,0.9226991380961181
R-H-TaG_y,R-H-TiTa_y,0.9182071627772852
L-H-ThC_x,R-H-ThC_x,0.9165829867431364
L-M-FeTi_y,L-M-TaG_y,0.9161858812970227
L-M-FeTi_y,L-M-TiTa_y,0.9144707947878974
L-H-TaG_z,L-H-TiTa_z,0.9060809940028062
R-M-FeTi_z,R-M-TiTa_z,0.9051028421323062
L-M-CTr_x,L-M-ThC_z,-0.9023256209234557
L-M-ThC_x,R-M-ThC_x,0.9010107849759573
L-H-TaG_x,L-H-TiTa_x,0.9006474068305642
L-F-ThC_y,L-WH_z,0.8978766340347705
R-H-TaG_z,R-H-TiTa_z,0.8978266124176187
L-M-TaG_x,L-M-TiTa_x,0.8932484494370238
L-F-TaG_x,L-F-TiTa_x,0.8908926846982532
L-F-ThC_x,R-M-ThC_z,0.8888657051427011
R-F-TaG_z,R-F-TiTa_z,0.8871646019216753
L-F-ThC_x,L-H-ThC_x,0.886191933788037
L-M-ThC_z,R-H-ThC_x,-0.8814561799714132
L-M-FeTi_z,L-M-TaG_z,0.8787463382419136
L-M-ThC_z,R-F-ThC_x,-0.8771295487317846
L-H-FeTi_z,L-H-TiTa_z,0.8761724697579942
R-H-FeTi_z,R-H-TiTa_z,0.8760268492178047
R-H-TaG_x,R-H-TiTa_x,0.871497595434524
L-M-CTr_x,R-F-ThC_x,0.8693950245334331
L-F-ThC_x,L-M-ThC_z,-0.867884803651343
L-F-CTr_y,L-F-CTr_z,-0.8673053655963541
L-F-CTr_y,L-F-TiTa_y,0.8603995998397317
L-F-FeTi_y,L-F-TiTa_y,0.8594103883486158
L-H-ThC_x,L-M-ThC_z,-0.8552400695252174
L-F-ThC_x,R-F-ThC_x,0.8526196911715272
R-F-ThC_x,R-H-ThC_x,0.84550503630681
R-H-FeTi_y,R-H-TiTa_y,0.8438032953505857
L-H-ThC_x,R-M-ThC_z,0.8402404111154645
R-M-TaG_z,R-M-TiTa_z,0.8383755285598002
R-F-FeTi_y,R-F-TiTa_y,0.8377048444355782
L-M-CTr_x,R-H-ThC_x,0.8258198579960004
L-H-FeTi_y,L-H-TiTa_y,0.8236603589700894
R-M-CTr_y,R-M-ThC_y,0.8197856245927728
L-M-FeTi_x,L-M-TaG_z,0.8196647414521403
Notum_x,R-M-ThC_x,0.8172062715092857
L-M-ThC_z,Notum_x,-0.8139322276099894
L-F-ThC_x,R-H-ThC_x,0.8128983836709308
L-F-TaG_z,L-F-TiTa_z,0.8102834514022033
L-F-CTr_y,L-F-FeTi_y,0.8096001283432982
R-M-CTr_x,R-M-ThC_x,0.8088229520873215
L-H-ThC_x,R-F-ThC_x,0.8086993545778562
R-F-CTr_z,R-F-TiTa_y,-0.8004597982956794
R-F-ThC_x,R-M-ThC_x,0.799192506564443
R-H-FeTi_y,R-H-FeTi_z,0.7990327418502574
Notum_x,R-F-ThC_x,0.7985838565654558
R-F-FeTi_y,R-F-FeTi_z,-0.7946771542004138
R-F-CTr_y,R-F-TiTa_y,0.794612922831866
L-M-FeTi_x,L-M-TiTa_z,0.7934300760002223
L-F-ThC_x,L-WH_z,-0.7908697007345633
L-M-ThC_y,R-H-ThC_y,0.7886962396529762
L-H-ThC_x,L-M-CTr_x,0.7872732819867246
L-F-ThC_x,L-M-CTr_x,0.7866250856206427
L-M-ThC_x,R-F-ThC_x,0.7863090469552502
R-F-FeTi_z,R-F-TaG_z,0.782593124391498
L-F-CTr_y,L-F-TaG_y,0.7814103995071593
R-F-ThC_x,R-M-ThC_z,0.7763103760155311
L-WH_z,Notum_z,0.7762044503796043
L-F-ThC_y,R-F-ThC_y,0.7741081143124005
L-M-ThC_z,R-M-ThC_z,-0.7700243788079463
Notum_x,R-H-ThC_x,0.7678331939410207
L-M-FeTi_x,L-M-FeTi_z,0.7671636639166369
Notum_x,Notum_y,-0.7671340736915425
R-H-ThC_x,R-M-ThC_x,0.7660314469049228
R-M-FeTi_x,R-M-TiTa_z,-0.7648718645981016
R-F-CTr_z,R-F-TaG_y,-0.7647734844236737
Notum_x,R-M-CTr_x,0.7608570175528601
L-M-ThC_x,L-WH_x,0.7604708505985385
L-M-ThC_z,R-M-ThC_x,-0.7573030209398529
L-F-FeTi_y,L-F-FeTi_z,-0.7567633678374991
L-F-CTr_z,L-F-TiTa_y,-0.7551761620622593
R-F-CTr_y,R-F-TaG_y,0.7505176297908693
L-M-CTr_x,R-M-ThC_z,0.7496111282840399
L-WH_z,R-M-ThC_z,-0.7489213720834592
R-F-CTr_z,R-F-FeTi_y,-0.7488763282268385
R-H-ThC_x,R-M-ThC_z,0.7483350818110415
R-F-CTr_x,R-F-TiTa_x,0.7458706485521563
R-M-FeTi_x,R-M-FeTi_z,-0.7448661990866299
R-F-FeTi_y,R-F-TaG_y,0.7438019764392908
Notum_z,R-WH_z,0.7437099185058481
L-H-FeTi_y,L-H-FeTi_z,0.7420744272901834
L-F-CTr_z,L-F-TaG_y,-0.7410026873281325
Notum_z,R-F-ThC_y,0.7406980587171876
L-M-ThC_x,R-WH_x,-0.7389978129618897
L-F-CTr_x,L-F-TiTa_x,0.7387508371065088
L-F-CTr_x,L-F-ThC_x,0.7357077169846007
R-F-ThC_x,R-M-CTr_x,0.7351387481181983
L-M-CTr_x,Notum_x,0.7339063539650061
L-M-CTr_y,R-H-ThC_y,0.7334571846421569
L-F-FeTi_x,L-F-TiTa_x,0.7326686423015103
L-F-FeTi_y,L-F-TaG_y,0.7306968874062252
R-F-FeTi_y,R-F-TiTa_z,-0.7296743768354631
R-F-CTr_y,R-F-FeTi_y,0.7282645819419322
Notum_x,R-H-CTr_x,0.7230559836789324
L-H-FeTi_x,L-H-FeTi_y,-0.7227826539309647
L-M-CTr_y,L-M-ThC_y,0.7218069849586742
L-F-ThC_x,L-WH_x,0.7171387244650304
R-F-FeTi_x,R-F-TiTa_x,0.7157040537071362
R-H-ThC_x,R-M-CTr_x,0.7105106349480257
L-F-ThC_x,R-WH_x,-0.7086385005901368
R-H-CTr_x,R-M-CTr_x,0.7044544410671809
L-WH_z,R-F-ThC_y,0.7040907294363012
R-F-ThC_x,R-H-CTr_x,0.7015230106899494
L-F-CTr_x,R-F-ThC_x,0.6998411293048313
L-M-CTr_x,R-M-ThC_x,0.6992326972802668
L-H-ThC_x,L-M-FeTi_x,0.6947272869963353
L-H-ThC_x,L-WH_z,-0.6906628414422529
R-H-FeTi_y,R-H-TaG_y,0.6890717047458068
L-F-CTr_x,R-M-ThC_z,0.6884481693809952
L-H-FeTi_y,L-H-TaG_y,0.6871468862138538
L-H-FeTi_z,L-H-TaG_z,0.6869621412442322
L-F-CTr_x,L-M-ThC_z,-0.6850326707747179
L-M-ThC_x,R-M-CTr_x,0.683408033596504
L-F-ThC_y,Notum_z,0.6816257094819302
R-H-FeTi_z,R-H-TaG_z,0.6798139217002377
L-F-CTr_x,L-H-ThC_x,0.6788515700253815
L-M-FeTi_x,L-M-ThC_x,0.6747287887924387
L-M-ThC_z,R-M-CTr_x,-0.6742415436380608
R-H-CTr_x,R-M-ThC_x,0.6738159503997435
L-F-FeTi_z,L-F-TaG_z,0.673074251966456
L-M-ThC_x,R-H-ThC_x,0.6651039150290504
L-F-FeTi_y,L-F-TiTa_z,-0.6637970943272591
L-M-ThC_x,L-M-ThC_z,-0.6630920192743862
L-WH_x,R-M-ThC_x,0.661137360762151
Notum_y,R-M-CTr_z,0.6591918366500814
L-F-CTr_x,R-H-ThC_x,0.6588403216258419
R-M-FeTi_z,R-M-TaG_z,0.6586917374905531
L-H-ThC_x,L-M-TaG_z,0.6579227512125818
L-F-ThC_y,R-M-ThC_z,-0.6553647065258349
L-M-FeTi_x,R-M-ThC_x,0.6544741395442815
R-M-ThC_x,R-WH_x,-0.6506060540910008
L-M-FeTi_x,R-H-ThC_x,0.650088624136524
L-F-ThC_x,L-F-ThC_y,-0.6483656918710946
L-H-ThC_x,L-M-ThC_x,0.647151364708546
R-H-ThC_z,R-WH_y,0.6462236257344115
L-F-CTr_x,L-M-CTr_x,0.646041290708745
R-M-FeTi_x,R-M-TaG_z,-0.6459398845108114
L-H-FeTi_x,L-H-TiTa_y,-0.645745098710524
Notum_x,R-M-CTr_z,-0.6455355122122384
L-M-CTr_x,R-M-CTr_x,0.6438992830017877
L-H-CTr_x,L-H-FeTi_x,0.6422743367427508
L-F-CTr_z,L-F-FeTi_y,-0.6384868389078672
L-F-ThC_y,R-M-ThC_y,0.6377977467493758
L-F-ThC_z,R-H-ThC_y,0.6361329651794779
R-H-FeTi_y,R-H-TiTa_z,0.6360367522024519
L-M-CTr_x,R-H-CTr_x,0.6357068421282991
L-F-ThC_x,L-M-FeTi_x,0.6349410662464735
L-H-CTr_z,L-H-TaG_z,0.6338298531349694
L-WH_x,R-F-ThC_x,0.6330212720350293
L-M-ThC_x,Notum_x,0.6328466421276118
R-H-ThC_y,R-M-CTr_y,0.6311833428621582
L-M-FeTi_x,L-M-ThC_z,-0.6300224620495228
R-H-ThC_z,R-M-ThC_z,0.6279735989634156
L-H-ThC_x,R-M-ThC_x,0.6278477519614049
L-F-ThC_x,L-M-ThC_x,0.6271148583454681
R-F-FeTi_x,R-F-TaG_x,0.6268594397255295
R-F-ThC_x,R-WH_x,-0.6255524886770863
L-M-CTr_x,L-M-ThC_x,0.625015194292723
R-H-FeTi_z,R-H-TiTa_y,0.624926001043384
L-M-FeTi_x,R-F-ThC_x,0.6242520586200725
L-M-CTr_y,R-M-ThC_y,0.6238440355814271
L-F-ThC_y,L-H-ThC_z,0.62377511277417
L-M-FeTi_x,R-M-ThC_z,0.6231804674920775
R-F-CTr_x,R-F-FeTi_x,0.6214805291079739
L-F-CTr_x,L-F-FeTi_x,0.6203236414545918
L-H-FeTi_x,L-H-TaG_y,-0.6156760119946104
L-M-CTr_y,R-M-CTr_y,0.6155565082827953
L-H-ThC_x,Notum_x,0.6138018373482116
L-M-ThC_z,R-H-CTr_x,-0.6123212493878454
L-F-FeTi_x,L-F-TaG_x,0.612225602547446
L-H-CTr_x,Notum_x,0.6112917074793188
L-F-ThC_x,R-M-ThC_x,0.6107660587895235
L-F-ThC_x,Notum_x,0.6096510432861136
R-F-CTr_x,R-F-TaG_x,0.6096225292899609
L-M-CTr_z,Notum_z,-0.6091979358858715
L-M-ThC_x,R-M-ThC_z,0.6088767087462009
L-F-ThC_y,L-H-ThC_x,-0.6050238218785425
Notum_y,R-F-ThC_y,-0.6035028315748766
Notum_y,R-H-ThC_x,-0.6031698373280993
L-H-CTr_x,R-M-ThC_x,0.6030277850757195
L-F-ThC_x,L-M-TaG_z,0.6023938422848996
R-H-ThC_y,R-M-ThC_y,0.60147486877642
L-WH_x,L-WH_z,-0.5994884456111824
L-F-ThC_z,L-M-ThC_y,0.5983365989788889
L-M-TaG_z,L-M-ThC_z,-0.597893863430024
L-M-TaG_z,R-M-ThC_z,0.5936259196223608
R-F-FeTi_z,R-F-TiTa_y,-0.5924152083288565
L-M-CTr_x,L-M-FeTi_x,0.5913352995451432
L-H-CTr_y,R-H-CTr_y,0.5909859808124104
Notum_y,R-M-ThC_x,-0.588854365277035
L-WH_x,R-M-ThC_z,0.5883400652802859
R-H-CTr_x,R-H-ThC_x,0.5875085803055606
Notum_y,R-H-CTr_x,-0.5869890928690367
L-M-ThC_z,L-WH_x,-0.582542664597726
L-M-FeTi_x,R-WH_x,-0.5823198121626565
R-H-CTr_z,R-H-TaG_z,0.581865770277405
L-F-FeTi_z,L-F-TiTa_y,-0.5810961034461997
L-M-FeTi_x,L-WH_x,0.5798395036428303
L-H-CTr_z,L-H-TiTa_z,0.5792879495830766
L-F-ThC_y,R-M-CTr_y,0.5791150838817251
L-H-TaG_z,R-M-ThC_x,0.5784440796379501
L-WH_z,R-WH_x,0.5782955246250905
L-M-ThC_z,L-WH_z,0.578231930082798
L-H-ThC_z,L-WH_z,0.5781040901083405
Notum_y,R-M-CTr_x,-0.5777822249633191
L-M-ThC_y,R-M-ThC_y,0.5760940546342116
L-H-CTr_y,L-H-CTr_z,-0.5734621968533208
R-H-CTr_z,R-H-TiTa_z,0.5696869896383973
L-F-CTr_x,L-M-ThC_x,0.5692618083098893
L-M-TaG_z,R-H-ThC_x,0.5687553313690897
R-M-ThC_x,R-M-ThC_z,0.5666270651352312
L-H-CTr_x,R-F-ThC_x,0.5658825612246939
L-M-ThC_z,R-M-CTr_z,0.5651821443263451
L-M-ThC_z,Notum_y,0.5640678685176296
L-H-CTr_y,L-H-TaG_z,-0.5614077608715936
L-H-FeTi_z,L-H-TiTa_y,0.5605388590110816
L-F-CTr_x,R-M-ThC_x,0.5600421589658662
R-F-FeTi_y,R-F-TaG_z,-0.5595112697732142
L-F-ThC_x,R-M-CTr_x,0.5591291688749799
L-M-ThC_z,R-WH_x,0.558137849607888
L-H-CTr_x,L-H-TaG_y,-0.556666638744087
L-M-ThC_x,R-H-CTr_x,0.5565554452464851
R-F-FeTi_y,R-F-ThC_z,-0.5538709574462386
L-F-CTr_x,L-WH_x,0.5529641827741998
R-M-ThC_z,R-WH_x,-0.5528940704957587
L-M-CTr_x,L-M-TaG_z,0.5523657587530453
L-F-CTr_x,L-F-TaG_x,0.5521697950024632
L-H-CTr_y,L-H-TaG_y,0.5489192807327389
L-M-ThC_y,R-M-CTr_y,0.5488979460505092
Notum_x,R-M-ThC_z,0.547455277695786
R-F-FeTi_z,R-F-ThC_z,0.547427405721674
L-F-ThC_y,R-M-TaG_z,0.5468310975928378
L-F-ThC_y,L-F-ThC_z,0.5457539663006974
L-H-ThC_x,R-M-CTr_x,0.5448472044307809
L-H-FeTi_y,L-H-TiTa_x,-0.5429994267657937
L-H-ThC_x,R-WH_x,-0.5428559777564803
L-M-FeTi_x,L-M-TiTa_x,0.5424626178692256
L-H-CTr_x,L-M-ThC_x,0.5420223476530122
L-H-ThC_y,L-M-ThC_x,-0.541664284247631
L-F-CTr_x,R-WH_x,-0.5409133104962779
L-H-CTr_y,Notum_y,0.5399991405150613
R-M-FeTi_x,R-M-TiTa_x,0.5382353291823028
Notum_y,R-F-ThC_x,-0.5379021872088009
L-H-CTr_x,R-M-CTr_x,0.5362370445600236
L-H-FeTi_y,L-H-TaG_x,-0.5361230424222811
L-H-CTr_x,R-H-CTr_x,0.5357552548452553
L-F-CTr_x,L-WH_z,-0.5352715823345154
L-F-CTr_x,Notum_x,0.5349587142040876
L-F-ThC_z,L-M-CTr_y,0.5343642372022401
R-M-FeTi_z,R-M-TiTa_x,-0.5330553367887672
R-H-ThC_x,R-M-CTr_z,-0.53274319395243
L-H-FeTi_x,L-H-TiTa_x,0.5325782933528245
L-M-CTr_x,L-M-ThC_y,-0.5324594980731406
L-M-ThC_y,R-WH_z,-0.5323291831954837
L-H-FeTi_y,L-H-TiTa_z,0.529999732156513
L-M-TaG_z,R-F-ThC_x,0.5295181073339561
L-M-TaG_z,L-WH_z,-0.5277242458844261
R-F-ThC_x,R-M-CTr_z,-0.5255276644297676
L-H-ThC_x,L-WH_x,0.524119393450261
R-F-ThC_y,R-M-ThC_y,0.5230321371720269
L-F-CTr_x,L-M-FeTi_x,0.5221660342915014
R-H-FeTi_y,R-WH_y,0.522023570410133
L-H-TaG_y,R-H-TaG_z,-0.5215771489368645
L-H-ThC_x,L-M-TiTa_z,0.5204850639850324
L-F-ThC_y,R-H-ThC_y,0.5194311394832893
L-F-CTr_y,L-F-FeTi_z,-0.5174336967038318
L-H-ThC_z,R-H-ThC_y,0.5166113866964261
L-M-ThC_x,R-F-TaG_z,-0.5161523121153365
L-H-TaG_z,R-H-ThC_x,0.5161437232862754
R-M-CTr_x,R-M-ThC_z,0.5160595478076638
L-M-FeTi_x,L-WH_z,-0.5152198882630911
L-F-ThC_z,R-WH_z,-0.5147491342330949
L-M-FeTi_x,Notum_x,0.5142409706171425
L-H-CTr_x,L-M-ThC_z,-0.5140705756744769
L-M-FeTi_z,L-M-TiTa_x,0.5124752811298751
R-F-CTr_x,R-F-ThC_x,0.5100979031546213
L-M-ThC_y,L-M-ThC_z,0.5097862839045507
R-F-TaG_z,R-WH_x,0.5081544849277766
R-H-FeTi_x,R-H-TiTa_x,0.5080381698979516
L-M-CTr_x,L-WH_z,-0.507863974982462
L-H-TiTa_z,L-M-TiTa_y,-0.5073077026139334
R-F-CTr_z,R-F-ThC_z,0.50674684718979
R-H-FeTi_z,R-WH_y,0.5067223205051976
L-F-TaG_z,L-F-ThC_y,-0.5064786881049881
L-H-TaG_z,L-M-TaG_y,-0.5048779682444454
L-H-TaG_z,R-H-TaG_z,0.5044647166620279
L-H-TaG_z,L-M-FeTi_x,0.5043159342215943
L-H-CTr_x,L-H-CTr_y,-0.5041610130743172
L-M-CTr_z,R-WH_z,-0.5038260100348344
R-H-ThC_x,R-WH_x,-0.5028872778297303
L-F-TaG_z,R-F-ThC_y,-0.5028807809536407
L-H-TaG_z,R-H-CTr_y,-0.5028682450724037
L-H-TiTa_z,L-M-TaG_y,-0.502297959040712
R-H-TaG_z,R-M-ThC_x,0.5013596456857216
Notum_y,Notum_z,-0.5013231903552519
L-F-ThC_x,L-H-ThC_z,-0.5005528227530146
L-H-ThC_x,R-H-CTr_y,-0.4985727998680965
L-H-CTr_x,L-M-CTr_x,0.4983992685617935
L-H-ThC_x,L-M-FeTi_z,0.49837723345682794
L-H-CTr_y,R-H-TaG_z,-0.49821700940806674
L-WH_x,R-F-TaG_z,-0.49691484006000874
L-F-ThC_z,L-H-ThC_z,0.4959287251253128
L-H-ThC_x,R-M-CTr_z,-0.49545312026848526
L-WH_x,Notum_x,0.4951777152433465
R-F-TaG_z,R-M-ThC_x,-0.49492549346121645
L-F-CTr_x,R-M-CTr_x,0.49453314896811845
L-M-FeTi_z,L-M-ThC_z,-0.4934752206620374
L-M-ThC_z,L-M-TiTa_z,-0.4925189123176762
L-H-TaG_z,L-M-FeTi_y,-0.4919905476675965
R-M-CTr_y,R-M-TaG_z,0.49164170813091185
L-M-CTr_x,Notum_y,-0.4905748821022628
L-H-CTr_y,Notum_x,-0.490091199341375
R-H-CTr_y,R-H-TaG_x,0.48889297177415114
L-M-TaG_z,L-M-ThC_x,0.4883769639445588
L-H-TaG_z,Notum_x,0.48781340389922423
Notum_x,R-WH_x,-0.48667082585666194
R-H-CTr_y,R-H-ThC_x,-0.4856823714956198
L-H-ThC_z,R-M-CTr_y,0.4842994286038195
R-F-ThC_z,R-F-TiTa_z,0.48417144746287344
L-M-TiTa_x,L-M-TiTa_z,0.4832596526366447
Notum_y,R-H-CTr_y,0.483148883564267
L-H-CTr_x,R-H-ThC_x,0.48311561155450566
L-H-TaG_y,R-H-TiTa_z,-0.4817301195945652
L-M-CTr_z,R-F-ThC_y,-0.4811778420070779
R-H-CTr_y,R-H-TaG_y,0.48049785550490887
L-F-ThC_y,L-M-TaG_z,-0.48045757762582675
L-H-CTr_x,L-H-TiTa_y,-0.479940896334569
R-F-CTr_y,R-F-ThC_z,-0.47962716294386376
L-H-ThC_z,R-M-ThC_z,-0.4796131501229908
L-F-ThC_x,L-M-TiTa_z,0.47951950797649034
L-M-TaG_z,R-M-ThC_x,0.4789485667474858
L-WH_z,R-M-TaG_z,0.478801851489854
L-M-TiTa_z,R-M-ThC_z,0.4785267242582699
L-H-TaG_z,L-M-TiTa_y,-0.47812036310722106
Notum_x,R-F-ThC_y,0.47803957670562724
L-M-CTr_x,L-M-TiTa_z,0.4778674429595876
R-WH_x,R-WH_z,0.47774310773834083
L-WH_z,R-H-ThC_x,-0.4773768313606576
L-H-TiTa_z,R-H-CTr_y,-0.477168401051215
L-F-ThC_x,R-H-ThC_z,0.47672018820301726
L-H-TiTa_z,L-M-FeTi_y,-0.475637314955235
L-WH_x,R-H-ThC_x,0.4755696875402366
L-WH_z,R-F-ThC_x,-0.47451872203074213
R-H-ThC_y,R-WH_z,-0.47438090278842865
R-F-FeTi_z,R-F-TaG_y,-0.4729244642457152
L-H-TaG_z,L-M-ThC_x,0.471468689317332
L-H-CTr_y,R-H-TiTa_z,-0.4701722018902779
R-F-TiTa_y,R-F-TiTa_z,-0.4685875828474323
L-M-CTr_x,R-F-CTr_x,0.4681826741556657
L-M-CTr_x,L-M-FeTi_z,0.4677330274986326
L-M-CTr_x,R-M-CTr_z,-0.46763066216431987
R-M-CTr_x,R-M-CTr_z,-0.4673312208952868
L-F-ThC_x,R-H-CTr_x,0.46724234084085003
L-H-ThC_x,Notum_y,-0.4669478459355215
L-H-ThC_x,R-H-ThC_y,-0.4662645074719945
L-H-ThC_y,R-F-ThC_y,-0.4661214445878902
L-M-TiTa_y,R-F-TiTa_y,0.46547866637716234
L-H-CTr_y,L-H-TiTa_z,-0.46530550119489167
L-WH_x,R-M-CTr_x,0.464759121640121
R-H-CTr_x,R-M-ThC_z,0.4644753642015531
L-M-ThC_y,R-M-CTr_z,0.4637005553770957
L-F-ThC_y,L-M-CTr_y,0.463356061023721
R-M-CTr_z,R-M-ThC_x,-0.46311905406240234
R-M-TaG_z,R-M-ThC_y,0.4606323417135498
L-M-FeTi_z,R-M-ThC_x,0.4592785165557958
L-M-FeTi_x,R-M-CTr_x,0.45883177891226823
L-M-TaG_y,R-F-TaG_y,0.4573860006142595
L-M-ThC_y,R-F-ThC_x,-0.45730133557642294
R-F-ThC_z,R-WH_z,0.4572853896590147
L-M-TiTa_y,R-F-TaG_y,0.45700638124374376
L-F-FeTi_z,L-M-ThC_y,-0.45654001268030137
L-M-ThC_y,Notum_y,0.45604139477499994
L-M-TiTa_z,R-H-ThC_x,0.45518065001757885
L-M-TaG_z,R-WH_x,-0.45470025316209534
L-H-ThC_z,R-F-ThC_y,0.45444868722810294
R-F-CTr_z,R-F-FeTi_z,0.45427813687175117
L-F-TaG_z,L-WH_z,-0.45425162846039824
R-H-TiTa_y,R-WH_y,0.45394675754366487
L-M-TaG_y,R-F-TiTa_y,0.4531646138985118
L-F-ThC_z,R-M-CTr_y,0.4531492951221607
L-WH_x,R-WH_z,-0.4529617831411772
R-H-TaG_z,R-M-TaG_y,-0.45292496977409813
R-F-ThC_y,R-M-CTr_y,0.45250573602937927
L-M-FeTi_z,R-M-ThC_z,0.45204779626129715
L-H-CTr_x,L-H-FeTi_y,-0.45197311130859485
L-F-TaG_z,R-M-ThC_y,-0.4507103746381618
L-M-ThC_x,L-M-TiTa_z,0.4503533818346975
L-M-TaG_z,L-WH_x,0.4495049355486952
L-M-FeTi_z,R-F-ThC_x,0.44944882462723085
L-M-FeTi_z,R-H-ThC_x,0.4485985699909443
L-F-ThC_x,L-M-FeTi_z,0.4485948310083421
L-M-CTr_x,L-WH_x,0.44839472240308953
L-H-ThC_x,R-H-CTr_x,0.4480251595084351
R-M-CTr_x,R-WH_x,-0.44780281778565767
L-H-CTr_z,L-H-ThC_x,0.4475532437568934
L-M-TiTa_z,R-M-ThC_x,0.44727080756036475
R-F-ThC_x,R-H-ThC_y,-0.4470877476228552
R-H-FeTi_x,R-H-TaG_x,0.4470081733547781
L-M-TiTa_z,R-F-ThC_x,0.4464574158213346
R-F-CTr_x,R-H-CTr_x,0.44617916494717863
L-M-TaG_z,Notum_x,0.4460892074666768
L-M-ThC_z,R-F-CTr_x,-0.4453944368993954
L-M-FeTi_z,L-M-ThC_x,0.44484767815661624
R-F-CTr_x,R-M-CTr_x,0.4432693843668379
R-H-TiTa_z,R-WH_y,0.4429883776413214
L-F-TiTa_y,L-F-TiTa_z,-0.4429552393606233
L-F-TaG_y,R-M-TiTa_y,0.4428570770545633
L-F-ThC_x,L-F-TiTa_x,0.4428449406325431
L-H-ThC_z,R-M-ThC_y,0.44268608925631664
R-H-CTr_x,R-M-CTr_z,-0.44204988007546997
R-H-CTr_y,R-H-CTr_z,-0.44127444867609006
L-M-FeTi_z,Notum_x,0.4405157713464247
L-H-CTr_y,L-H-TiTa_y,0.43929645752721663
L-H-FeTi_x,L-H-TaG_x,0.4384302830815969
L-F-TaG_y,R-M-TaG_y,0.43834715133282
L-H-TaG_z,R-H-TaG_y,-0.43825485821853716
L-M-CTr_z,L-WH_z,-0.437936102040304
R-H-FeTi_y,R-H-TaG_z,0.43785310532431215
L-M-ThC_z,R-H-CTr_y,0.43782755001100254
R-F-FeTi_x,R-M-CTr_x,0.43769876817020203
L-WH_z,R-M-ThC_y,0.43564093762152023
L-H-CTr_x,L-H-TiTa_x,0.4350995431615226
L-F-CTr_x,L-M-TaG_z,0.4348957487954158
L-H-CTr_x,Notum_y,-0.43487469000153933
L-H-TaG_z,L-H-ThC_x,0.43463234850955657
L-M-ThC_x,Notum_y,-0.43435842312036926
L-F-CTr_x,L-H-CTr_x,0.4306161464697957
L-H-CTr_z,R-H-CTr_y,-0.4299493167545209
R-F-FeTi_x,R-M-ThC_x,0.4299051868937093
L-M-CTr_x,R-H-ThC_y,-0.42936044826319525
R-H-TaG_z,R-M-TiTa_y,-0.42911956526997824
L-M-CTr_y,R-WH_z,-0.4290991008535171
R-F-ThC_y,R-H-CTr_x,0.42903629109573616
L-H-ThC_y,R-M-ThC_x,-0.42879449602637076
Notum_x,R-H-TaG_z,0.42862755096224414
R-H-CTr_z,R-H-FeTi_z,0.4283280755308606
L-M-TiTa_z,L-WH_x,0.42691531655403075
R-H-CTr_y,R-H-TiTa_x,0.4266187431885581
L-M-TiTa_z,R-WH_x,-0.4264776834068315
L-H-TaG_z,L-M-ThC_z,-0.4257129524058205
Notum_z,R-WH_x,0.42536601171341243
L-WH_x,Notum_z,-0.4251511547451673
L-F-CTr_y,L-M-ThC_y,0.4248241458920938
R-F-CTr_y,R-F-FeTi_z,-0.42469008967315613
L-F-TiTa_y,R-M-TiTa_y,0.42466891077220054
L-F-TaG_z,L-H-ThC_z,-0.42423503222498066
L-M-CTr_x,R-WH_x,-0.42422200439363117
L-H-ThC_x,R-H-ThC_z,0.4238886493248801
R-H-FeTi_z,R-H-TaG_y,0.42355003618401105
L-F-FeTi_x,L-F-ThC_x,0.4234028309132544
L-H-TiTa_z,R-H-ThC_x,0.4233159536122349
L-F-TaG_z,R-M-CTr_y,-0.4230356363747207
R-F-ThC_y,R-M-TaG_z,0.4208546322205291
R-H-ThC_y,R-M-CTr_z,0.4200780355592418
R-H-TiTa_z,R-M-TiTa_y,-0.4198584147093068
L-M-TiTa_z,L-WH_z,-0.41841781959489194
L-H-TaG_z,Notum_y,-0.4175675066984464
L-H-TaG_z,R-M-CTr_x,0.41754735238187607
L-H-FeTi_z,L-M-TiTa_y,-0.4174103721810035
L-M-TiTa_y,R-F-CTr_y,0.4169428472413231
R-H-TiTa_z,R-M-TaG_y,-0.4168889284980063
Notum_x,R-F-FeTi_x,0.41568127861547616
L-H-TaG_y,R-H-FeTi_z,-0.415526115423786
L-M-CTr_y,R-F-CTr_y,0.41543522949098366
L-M-FeTi_y,R-F-TaG_y,0.41466117985786544
R-F-ThC_z,R-F-TiTa_y,-0.41423735975449066
L-F-FeTi_x,L-WH_z,-0.41395535344649875
Notum_x,R-F-CTr_x,0.41359004968483076
R-F-CTr_x,R-H-ThC_x,0.4132707794755686
L-H-ThC_z,R-M-TaG_z,0.41263689850634117
L-M-FeTi_z,Notum_y,-0.41138715646420343
L-M-FeTi_y,R-F-TiTa_y,0.4107779720496991
L-F-TiTa_y,R-M-TaG_y,0.4105311150258796
L-M-CTr_y,R-H-CTr_y,0.4104654094006531
R-F-CTr_x,R-M-ThC_x,0.41002648722604884
L-H-FeTi_x,L-H-FeTi_z,-0.4090765743068184
L-M-TaG_z,R-H-CTr_y,-0.40868643070945765
L-H-ThC_z,R-H-ThC_z,-0.408609905586481
L-F-ThC_y,L-M-ThC_z,0.40855183047950855
L-F-TiTa_x,R-F-ThC_x,0.40835319966115813
L-M-ThC_y,R-H-CTr_y,0.40731873071691593
L-M-CTr_z,Notum_y,0.40691600237970244
L-M-TiTa_y,R-F-CTr_z,-0.4068970185389043
R-F-ThC_y,R-M-CTr_x,0.4065513068571149
Notum_y,R-M-FeTi_z,-0.40516929955347813
L-M-ThC_z,R-H-ThC_y,0.4050365815229413
R-H-FeTi_z,R-H-ThC_z,0.40455141938960554
L-H-ThC_x,L-M-ThC_y,-0.4038845932424784
R-H-CTr_z,R-M-TaG_y,-0.4038534997708479
R-H-CTr_y,R-H-TiTa_y,0.4034059207196085
L-F-ThC_z,R-M-ThC_y,0.40329370408903437
L-M-FeTi_z,L-WH_x,0.40323699569431615
L-H-TiTa_z,L-M-FeTi_x,0.40215106867611267
L-M-FeTi_x,R-H-CTr_y,-0.402141003345202
R-H-CTr_y,R-M-CTr_y,0.4020539562135834
L-F-FeTi_x,R-M-ThC_z,0.4017853978113503
L-M-TaG_z,L-M-TiTa_x,0.4017282104890451
L-F-CTr_x,R-H-CTr_x,0.401423965906085
L-M-FeTi_z,R-WH_x,-0.4009742274656674
Notum_x,R-F-TaG_z,-0.40082704574985445
L-F-ThC_x,L-H-CTr_x,0.4007272923508454
L-M-FeTi_z,R-M-CTr_z,-0.400490212512756
L-M-TiTa_z,Notum_x,0.399927552340878
L-H-TiTa_y,R-H-TiTa_z,-0.39987139409927097
R-H-CTr_y,R-H-ThC_y,0.39966071247374235
L-H-CTr_z,R-H-ThC_x,0.39947469557124254
Notum_z,R-M-ThC_z,-0.39926990565569204
L-H-TiTa_z,R-H-TaG_y,-0.3991184067464647
L-M-TaG_z,L-M-ThC_y,-0.3988975932473865
L-F-ThC_x,R-F-CTr_x,0.3987341259357475
R-F-FeTi_x,R-F-ThC_x,0.3986920054620538
L-M-ThC_y,R-M-ThC_z,-0.3976857108027986
L-F-FeTi_y,L-M-ThC_y,0.3975325647137541
L-M-ThC_x,L-WH_z,-0.3967636354339728
L-M-TaG_y,R-F-CTr_z,-0.39674192992126334
L-H-CTr_z,L-WH_z,-0.3966759921137161
L-F-ThC_y,L-M-ThC_y,0.39639914097324913
L-F-ThC_y,R-H-ThC_z,-0.39609903643033884
L-F-ThC_x,R-H-ThC_y,-0.39588280602730386
R-F-FeTi_x,R-H-ThC_x,0.39550000697870025
L-M-TaG_y,R-F-CTr_y,0.39513371769898736
L-M-TaG_z,Notum_y,-0.39474641806141675
L-M-TiTa_y,R-F-FeTi_y,0.3941313427009646
R-H-TaG_z,R-M-FeTi_y,-0.39394172325993404
L-H-ThC_z,L-M-ThC_z,0.39318754209566287
L-F-FeTi_z,L-F-TaG_y,-0.3927976353078068
L-H-FeTi_z,L-M-TaG_y,-0.39248386246062406
L-H-TaG_z,R-F-ThC_x,0.392369731518866
L-F-ThC_x,Notum_z,-0.39206231336837305
L-H-CTr_z,Notum_z,-0.3916248636948423
R-H-CTr_z,R-M-TiTa_y,-0.3916220945428259
L-F-FeTi_y,L-F-TaG_z,-0.3911328962780326
L-H-TiTa_y,R-H-TaG_z,-0.3910994236215608
L-M-ThC_x,R-F-CTr_x,0.39036900971976407
L-F-TiTa_x,R-M-ThC_z,0.3903082135320868
Notum_x,R-H-CTr_y,-0.38939135418285087
L-F-CTr_z,R-M-TiTa_y,-0.3892409194066762
L-H-TaG_z,R-M-CTr_z,-0.3889350147335102
L-H-FeTi_z,R-H-ThC_x,0.38879755690551987
L-M-FeTi_x,Notum_y,-0.3887074749014145
L-H-CTr_y,L-M-ThC_z,0.38829511691124896
L-H-CTr_z,L-M-FeTi_x,0.3882183558182836
L-H-CTr_z,R-M-ThC_z,0.38804426979154544
L-H-TaG_z,R-WH_x,-0.3879412041389903
L-H-TiTa_z,R-M-ThC_x,0.38785355132656174
L-H-CTr_y,L-H-TiTa_x,-0.3867168090493131
R-H-CTr_z,R-H-TiTa_x,-0.3864702758357108
L-H-CTr_y,R-H-ThC_x,-0.38640944462963506
L-WH_z,R-M-CTr_y,0.3862838282850303
L-H-TiTa_y,R-H-FeTi_z,-0.3857638548726275
L-H-ThC_x,L-M-CTr_y,-0.38576261924713084
L-M-ThC_z,R-F-FeTi_x,-0.3856738960018875
L-H-CTr_y,L-M-TaG_y,0.3854650133801925
L-H-ThC_z,L-M-CTr_x,-0.3854136532559696
L-F-CTr_x,L-F-ThC_y,-0.38502876121280105
L-F-FeTi_x,L-F-ThC_y,-0.3846250231842063
L-H-CTr_x,L-H-ThC_x,0.3845754670637326
L-F-TiTa_z,L-M-ThC_y,-0.38439914597077546
L-M-CTr_x,R-H-CTr_y,-0.3842270582140495
L-H-CTr_y,R-H-CTr_z,-0.38418687021173326
L-F-ThC_y,L-M-FeTi_x,-0.3834678244743415
L-F-ThC_y,L-M-CTr_x,-0.3828672216402107
L-F-ThC_z,L-M-CTr_x,-0.3828056356840576
L-F-TaG_y,R-M-FeTi_y,0.382723316991777
R-H-TiTa_z,R-M-ThC_x,0.3823981333049194
L-M-CTr_x,R-H-ThC_z,0.3816802976768295
L-M-FeTi_x,R-M-CTr_z,-0.38162082106309236
R-F-FeTi_x,R-WH_x,-0.3815830536849753
L-WH_z,R-H-ThC_z,-0.3812649829846428
L-M-TaG_z,R-M-CTr_z,-0.3809962077260469
L-H-ThC_x,R-F-CTr_x,0.38098848448228545
R-F-ThC_y,R-M-ThC_x,0.3803443175130956
L-F-CTr_z,L-WH_y,-0.3800657093767173
L-M-ThC_x,R-F-FeTi_x,0.3797450616872137
L-F-CTr_y,L-H-CTr_y,0.3796884186435123
L-H-CTr_z,R-H-TaG_x,-0.37948557919977477
R-H-CTr_x,R-H-FeTi_z,0.37912436682640904
L-F-FeTi_z,R-M-CTr_y,-0.3783170402484502
R-F-ThC_x,R-H-CTr_y,-0.37826653084357886
L-WH_x,R-F-FeTi_x,0.3782372182779017
L-F-CTr_y,R-M-TiTa_y,0.3778462830932408
L-H-ThC_x,L-H-ThC_z,-0.3773584512347394
L-H-FeTi_z,L-M-FeTi_y,-0.3766213833556829
L-F-CTr_z,R-M-TaG_y,-0.37632157484483175
L-M-TiTa_x,R-F-CTr_y,-0.3761498072825125
L-M-ThC_z,R-H-ThC_z,-0.3760890150949701
L-F-ThC_y,L-M-CTr_z,-0.3749851177635728
L-F-CTr_y,L-F-TiTa_z,-0.37492347062428777
L-H-CTr_x,R-F-ThC_y,0.3737676706665872
L-H-CTr_x,R-F-TaG_z,-0.3730774341269706
R-H-CTr_z,R-M-FeTi_y,-0.37263788130575826
R-F-TaG_z,R-F-ThC_z,0.3726112397576451
L-H-FeTi_z,L-H-TaG_y,0.37131482471946853
L-F-ThC_x,R-M-CTr_z,-0.37130150313045224
R-H-ThC_y,R-M-ThC_z,-0.371050648477477
L-M-ThC_x,R-H-TaG_z,0.3706855645065516
L-H-ThC_z,L-M-ThC_y,0.37038648061666807
L-H-TaG_z,R-F-TaG_y,-0.3698844660419328
R-F-CTr_y,R-M-ThC_y,0.3688956257512403
R-F-ThC_x,R-H-ThC_z,0.36883022264627097
L-F-ThC_x,R-F-FeTi_x,0.36864167472488646
L-F-ThC_z,R-F-ThC_x,-0.36843294821853884
L-H-FeTi_z,R-H-TiTa_y,-0.36769649235656615
L-F-ThC_y,L-M-TiTa_z,-0.3676291140160542
R-M-FeTi_x,R-M-TaG_x,0.3675582844960323
L-H-CTr_y,L-M-TiTa_y,0.3673434979128661
R-H-CTr_z,R-WH_y,0.36716369746803357
L-F-FeTi_y,R-M-TiTa_y,0.3666865217205821
L-H-CTr_y,L-M-CTr_y,0.3666400734911516
L-M-ThC_y,R-H-ThC_x,-0.3666079744293671
L-F-TiTa_x,L-H-ThC_x,0.36604245473087954
L-H-FeTi_z,R-H-TaG_y,-0.3659935908404864
R-F-TaG_z,R-F-ThC_x,-0.36585847058804577
L-F-TiTa_x,L-WH_x,0.36583883756420194
L-F-CTr_x,L-F-CTr_z,0.3654685955471521
L-M-TaG_x,R-F-CTr_z,0.36519966532412823
L-F-TiTa_x,L-M-ThC_z,-0.36495253218208734
L-H-ThC_z,R-H-TaG_z,0.36448116930195007
L-F-ThC_x,L-H-CTr_z,0.36439480233238775
R-M-TaG_z,R-M-ThC_z,-0.36407540411413186
L-M-ThC_x,R-M-CTr_z,-0.3640366279796755
Notum_x,R-H-TiTa_z,0.36384371884105654
L-H-CTr_y,L-M-FeTi_y,0.3637356192785012
L-H-TaG_z,R-H-TiTa_z,0.3627943838962058
L-H-ThC_x,L-H-TiTa_z,0.36250355984320826
L-M-TiTa_x,R-F-CTr_z,0.3623360137073994
L-F-CTr_x,R-H-ThC_z,0.3620365367675216
L-H-TaG_z,L-WH_x,0.36182781700318745
L-F-CTr_z,L-F-FeTi_z,0.36177861547019824
L-H-TaG_x,L-H-TaG_y,-0.36141653858981027
L-F-ThC_x,L-F-ThC_z,-0.3610980958059921
L-F-TiTa_x,L-M-CTr_x,0.36059003937962136
L-F-ThC_z,R-H-TaG_z,0.36055149894783556
L-H-CTr_x,R-M-ThC_z,0.35954005087683705
R-F-FeTi_z,R-WH_x,0.35946060053342554
L-H-ThC_z,L-M-CTr_y,0.3593669246338086
L-H-FeTi_z,R-H-CTr_y,-0.35855752583449746
R-F-CTr_z,R-F-TiTa_z,0.35842157673808733
L-M-CTr_z,R-M-CTr_z,0.3583789209401241
L-F-TiTa_x,R-H-ThC_x,0.35752830682814674
L-M-TaG_y,R-F-FeTi_y,0.3575220060441747
L-H-CTr_x,L-WH_x,0.35605399940585336
L-M-ThC_y,Notum_x,-0.3559351426177646
L-F-TaG_x,L-WH_x,0.35585393539927673
R-F-TiTa_z,R-WH_x,0.3557660340827522
L-M-FeTi_z,L-WH_z,-0.35548899950746543
L-F-FeTi_x,L-F-FeTi_y,0.35434573774564637
L-H-CTr_x,R-H-TaG_z,0.35391917847296994
R-F-ThC_y,R-WH_z,0.3535108411294473
L-F-TiTa_x,R-WH_x,-0.35339076687100934
Notum_z,R-H-TaG_x,0.3533476610237652
L-H-TaG_y,Notum_x,-0.35324129634431156
L-H-CTr_y,R-M-CTr_z,0.35218100509970646
R-H-ThC_z,R-H-TiTa_y,0.3520916552411144
L-H-CTr_z,L-M-CTr_z,0.35188922185085086
L-H-TaG_y,R-M-ThC_x,-0.35175838894309425
L-M-TaG_z,R-H-ThC_y,-0.35155403128617985
L-F-ThC_x,L-M-ThC_y,-0.3505838477740865
L-M-FeTi_x,R-H-CTr_x,0.35009793896840863
L-F-CTr_y,R-M-TaG_y,0.3499660643642182
R-H-TiTa_z,R-M-FeTi_y,-0.3497892175399676
L-H-TiTa_z,R-F-TaG_y,-0.3496859419934013
L-F-TiTa_x,L-M-ThC_x,0.34964069561708677
Notum_y,R-H-TaG_z,-0.34903739440614623
R-F-ThC_y,R-H-TaG_z,0.3484612997527276
L-F-ThC_y,L-H-CTr_z,-0.3483104166358367
L-H-ThC_x,Notum_z,-0.34798346592513535
R-H-CTr_z,R-H-TaG_x,-0.3477519511066971
L-WH_z,R-WH_z,0.34711465637376915
L-F-FeTi_y,L-M-CTr_x,-0.34711381322827595
R-M-CTr_z,R-M-ThC_z,-0.34689716721560443
L-WH_x,R-F-FeTi_z,-0.3468787592138975
R-F-TaG_z,R-M-CTr_x,-0.3462734847912065
L-H-CTr_x,R-WH_x,-0.3462729562418239
R-M-FeTi_x,R-M-ThC_z,0.346220293974152
L-M-ThC_z,R-F-TaG_z,0.34591981838858765
L-H-ThC_x,R-F-FeTi_x,0.3457982714429869
L-F-FeTi_x,L-WH_x,0.3451877404239104
L-F-TaG_y,R-F-FeTi_z,0.34508398915899163
L-F-TiTa_y,R-M-FeTi_y,0.34506339598609903
R-F-TaG_y,R-F-ThC_z,-0.34498386747937265
L-H-TiTa_z,R-M-CTr_z,-0.3447294795213617
L-F-CTr_x,L-M-TiTa_z,0.34469925065942086
L-H-TiTa_z,R-H-TiTa_y,-0.3446714058865021
L-F-CTr_y,L-M-CTr_x,-0.34434840670886796
R-M-CTr_y,R-M-TiTa_z,0.3439592316197763
L-F-CTr_x,R-H-CTr_y,-0.34390904439293535
L-M-TiTa_z,Notum_y,-0.3436124967332411
L-M-ThC_x,R-F-TiTa_z,-0.3434319727841534
L-M-CTr_y,R-M-ThC_z,-0.34321559983290384
L-M-TaG_z,R-M-TaG_x,-0.34293105769343696
R-H-TiTa_y,R-H-TiTa_z,0.34268011076345506
R-F-TaG_y,R-F-TiTa_z,-0.34224164217418174
L-H-TaG_y,L-H-TiTa_x,-0.34212291010152884
R-H-TaG_y,R-WH_y,0.341870588252949
L-H-CTr_y,L-M-ThC_y,0.34164555702978955
L-M-FeTi_z,L-M-ThC_y,-0.34107269079196534
L-F-TiTa_z,R-M-CTr_y,-0.34098499139523913
L-H-TaG_y,R-F-TaG_z,0.34086225837280265
L-H-CTr_z,R-H-TiTa_x,-0.34082192715256404
L-WH_x,R-F-TiTa_z,-0.34074695013341005
L-H-TaG_z,L-M-TaG_z,0.34030436658570173
R-H-CTr_x,R-H-ThC_z,0.34017545759597007
L-H-TiTa_z,R-F-CTr_y,-0.3401710227294178
L-F-TaG_x,R-WH_x,-0.3399828415387028
L-F-TaG_y,R-H-TiTa_z,-0.33978804022377534
L-F-ThC_y,R-H-ThC_x,-0.3397087029096185
L-F-FeTi_y,R-M-TaG_y,0.3396761538543149
R-H-TaG_z,R-WH_y,0.33952329318558294
L-H-CTr_z,L-M-TaG_y,-0.3395151156654369
R-H-FeTi_y,R-H-TaG_x,0.3394496806135325
L-F-ThC_y,R-F-ThC_x,-0.33927647924212234
L-F-FeTi_x,L-H-ThC_x,0.33921574871263227
L-H-CTr_y,L-M-CTr_x,-0.33839635546659436
L-F-ThC_z,L-WH_y,-0.3383079162013741
L-H-CTr_z,L-H-FeTi_z,0.3382371310402818
L-H-TiTa_z,Notum_x,0.33818365313509907
L-M-TiTa_z,R-M-CTr_z,-0.33806479771472725
R-H-CTr_y,R-M-ThC_y,0.33799516514170785
L-H-FeTi_z,L-M-FeTi_x,0.3378314293140072
L-F-CTr_x,L-H-TaG_z,0.3375734630067576
L-H-CTr_z,R-F-CTr_y,-0.3369634107057748
L-F-TiTa_y,R-H-TiTa_z,-0.33694417719901903
L-F-TaG_y,R-H-TaG_z,-0.33669417236158655
L-F-TaG_z,R-H-TaG_y,0.33622933602994226
L-F-ThC_z,R-M-ThC_z,-0.3361261941251189
L-H-TaG_x,L-H-TiTa_y,-0.3354667417334086
L-F-ThC_x,L-H-TaG_z,0.335380244415466
L-M-FeTi_y,R-H-TaG_y,0.33529837799492546
L-M-FeTi_y,R-F-CTr_y,0.3352830484755523
L-F-CTr_x,L-M-FeTi_z,0.33519458553444675
L-H-TiTa_z,R-F-TiTa_y,-0.33486563400090835
R-H-TaG_z,R-H-ThC_y,0.3347871505451347
R-F-TiTa_z,R-M-ThC_x,-0.3344087693799408
L-H-TiTa_z,Notum_y,-0.3342679160142741
L-M-CTr_z,Notum_x,-0.3338764804781143
R-H-TiTa_x,R-M-FeTi_y,0.3336479142636433
L-H-CTr_y,R-M-ThC_x,-0.33363307660789404
R-H-CTr_x,R-H-TiTa_z,0.33363274695769235
R-M-CTr_y,R-M-TiTa_y,0.33340208688462114
L-M-FeTi_x,Notum_z,-0.33339630942896953
L-H-FeTi_z,L-H-ThC_x,0.3332067657663601
R-F-ThC_y,R-H-TaG_y,-0.3330014870802224
L-F-TiTa_x,R-M-ThC_x,0.3324150534506476
R-M-FeTi_z,R-M-TaG_x,-0.33197387125665545
L-F-FeTi_x,R-WH_x,-0.33194875801049184
L-F-ThC_z,L-H-ThC_x,-0.33190182262310414
L-F-ThC_x,R-M-TaG_z,-0.33175236575836814
L-F-FeTi_y,R-M-CTr_y,0.3317045360745671
L-F-TaG_z,R-H-ThC_z,0.3315147823880418
L-M-FeTi_y,R-F-CTr_z,-0.3314941011872329
L-H-CTr_z,L-M-TiTa_y,-0.33144711511662023
R-F-ThC_y,R-M-CTr_z,-0.3314055826234183
R-H-CTr_y,R-H-FeTi_x,0.3313200505534785
Notum_z,R-M-TaG_z,0.33127739214920093
L-M-TiTa_x,R-M-TiTa_x,-0.3312452361369451
L-F-ThC_x,R-H-CTr_y,-0.3311592718612641
L-F-FeTi_x,R-F-ThC_x,0.33097986200166013
L-M-FeTi_z,R-H-CTr_y,-0.3309296218865545
L-H-FeTi_z,R-M-CTr_z,-0.33035135995319
R-M-CTr_x,R-M-ThC_y,0.3301480237000392
L-H-TaG_y,R-M-FeTi_y,0.3299485252223507
L-H-FeTi_z,Notum_y,-0.3299451795068424
L-M-CTr_y,R-M-CTr_z,0.32955083326186396
L-H-CTr_z,R-H-CTr_z,0.3293646825156086
R-F-FeTi_y,R-WH_y,0.32935608986989057
R-F-CTr_x,R-F-TiTa_z,-0.32912434606928687
R-H-ThC_y,R-M-TaG_z,0.3290202438088301
L-H-ThC_y,Notum_y,0.328713070593412
L-M-FeTi_x,L-M-FeTi_y,-0.32835567384684716
L-H-CTr_y,L-H-ThC_x,-0.32793310370965273
L-F-TiTa_x,L-WH_z,-0.32793248638943706
L-H-CTr_y,R-H-FeTi_z,-0.32760707836289876
R-H-ThC_x,R-H-ThC_y,-0.32731367595135435
L-WH_z,R-H-ThC_y,0.3272913589443955
L-F-FeTi_y,L-WH_y,0.3272680633921047
L-M-CTr_x,R-F-FeTi_x,0.3272415484997837
R-H-TaG_z,R-M-CTr_x,0.3269987557466952
R-F-ThC_x,R-M-FeTi_x,0.3269392616757221
R-H-CTr_y,R-H-FeTi_y,0.32659836206068316
L-H-TaG_y,R-M-TaG_y,0.3265494193897302
R-F-CTr_x,R-F-TaG_z,-0.32632831006418317
R-F-TiTa_x,R-F-TiTa_z,-0.32597407758976465
L-F-ThC_z,L-WH_z,0.3259564073461734
Notum_x,R-M-FeTi_z,0.3249546211280551
L-M-FeTi_y,R-F-FeTi_y,0.32476874848282233
L-H-CTr_z,L-M-TaG_z,0.3246225954890593
L-F-CTr_y,R-M-CTr_y,0.3238241144900491
L-M-ThC_x,R-F-FeTi_z,-0.3238232136079793
L-M-CTr_y,L-M-TiTa_y,0.3237215251077349
R-H-FeTi_z,R-M-TiTa_y,-0.3234723804466895
R-H-CTr_y,R-M-CTr_z,0.32317743910424784
L-M-TiTa_z,R-H-CTr_y,-0.32314612497585554
L-H-CTr_z,L-M-FeTi_y,-0.32271271364438847
R-H-CTr_x,R-WH_z,0.32270292025999947
Notum_y,R-WH_z,-0.3225200687173693
L-H-CTr_y,L-H-FeTi_x,-0.3217369279353587
L-F-FeTi_z,R-M-ThC_y,-0.3216421894809588
L-H-TaG_z,R-H-TiTa_y,-0.32126329908605866
L-M-ThC_y,R-H-ThC_z,-0.3209257925954639
L-H-TiTa_z,R-H-TaG_z,0.3199724124286617
L-H-TaG_z,L-M-CTr_x,0.31969172160216436
L-H-TiTa_y,R-M-FeTi_y,0.31960993203891697
L-F-TiTa_y,L-H-CTr_y,0.3188784286167599
L-M-FeTi_x,R-M-TaG_x,-0.318849123065149
Notum_x,R-H-FeTi_z,0.31864451885460093
L-H-ThC_x,R-M-FeTi_x,0.3185054015510849
L-F-ThC_y,L-WH_x,-0.3181972513517149
L-F-ThC_x,R-F-TaG_z,-0.3181896232233495
R-F-FeTi_z,R-M-FeTi_y,0.3181244519412535
L-F-FeTi_y,R-H-FeTi_z,-0.31805239089427184
L-M-TaG_z,R-M-ThC_y,-0.3179503441730527
L-H-CTr_y,L-H-TaG_x,-0.3179391119534932
R-F-ThC_y,R-M-FeTi_z,0.31766540078047256
L-M-ThC_y,R-F-CTr_y,0.3175268630846141
L-H-CTr_y,R-F-ThC_x,-0.31728618243819245
L-M-FeTi_y,L-M-TaG_x,-0.3170102295493149
R-F-TaG_z,R-H-ThC_x,-0.31619414099400933
L-M-CTr_y,R-F-ThC_z,-0.3158896533636169
L-F-TaG_y,R-F-TiTa_z,0.3154773735867758
Notum_z,R-H-TiTa_x,0.3154021973135098
L-H-TaG_z,R-M-ThC_z,0.3153394263210878
R-H-FeTi_y,R-H-ThC_z,0.31528655055469446
L-M-ThC_y,R-F-ThC_z,-0.3150175231500977
R-H-TaG_y,R-H-ThC_z,0.3145775603656772
L-M-CTr_y,R-M-TaG_z,0.31440296347063384
L-H-CTr_x,R-F-TiTa_z,-0.31435910592990723
L-M-ThC_y,R-H-CTr_x,-0.31423746864356256
L-H-TaG_y,R-M-TiTa_y,0.3141358222691343
L-F-CTr_x,L-H-ThC_z,-0.3140852239743698
L-H-TiTa_z,L-M-ThC_z,-0.31387831089775015
R-H-ThC_z,R-M-FeTi_x,0.3138582453055348
L-H-CTr_x,L-H-TaG_x,0.31383242179291043
R-F-ThC_z,R-WH_y,-0.31367111747698584
L-H-FeTi_y,L-H-TaG_z,0.31351376960896815
L-H-TiTa_z,R-F-ThC_x,0.3134577221441964
L-M-FeTi_y,R-H-TiTa_y,0.3133517317750089
R-F-CTr_x,R-M-ThC_z,0.3130711607477328
L-F-ThC_x,R-M-TaG_x,-0.3130643098696219
L-WH_z,R-M-TaG_x,0.3125872733440281
L-H-TaG_z,L-M-FeTi_z,0.3124551700531151
L-H-TaG_z,R-H-CTr_z,0.3123715390749694
L-H-TaG_z,R-F-TiTa_y,-0.31217299175618074
L-H-ThC_z,L-WH_y,0.3121659092741268
L-H-CTr_y,R-H-CTr_x,-0.31213244823943675
R-F-FeTi_z,R-M-TaG_y,0.31168169226986747
L-H-TaG_z,L-M-TiTa_x,0.3114375021846456
L-F-TaG_z,R-M-ThC_z,0.31142212479334375
R-H-FeTi_z,R-M-TaG_y,-0.3113453366875329
L-F-ThC_y,R-M-TiTa_z,0.31117692771064953
L-F-ThC_y,L-M-FeTi_z,-0.3111737363136325
L-M-FeTi_x,R-F-TaG_z,-0.3109851068528409
L-H-TaG_x,R-H-ThC_y,0.31083493713845495
R-F-TiTa_z,R-M-FeTi_y,0.3106464394886221
L-M-FeTi_x,R-F-FeTi_x,0.31046167189336976
R-H-CTr_z,R-H-ThC_y,0.31037425512861816
R-F-CTr_y,R-F-TiTa_z,-0.31028636630954054
L-H-ThC_x,R-M-TaG_x,-0.3102510758763037
L-M-TiTa_y,R-F-FeTi_z,-0.3101394871727154
R-M-CTr_z,R-M-TiTa_y,-0.3101279262577249
L-F-TiTa_x,R-M-CTr_x,0.3097897920748909
L-F-CTr_x,L-M-TiTa_x,0.30949044187684777
L-H-TiTa_y,R-M-TaG_y,0.3092369783868327
L-F-TaG_y,R-F-FeTi_y,-0.30920215060244743
L-F-CTr_y,L-WH_y,0.30882125324499893
Notum_y,R-H-TaG_y,0.30877097662652536
L-WH_z,R-H-TaG_x,0.3086117972290547
L-F-CTr_z,R-M-FeTi_y,-0.3085714148420193
L-H-ThC_x,R-M-TaG_z,-0.30841308093435826
L-F-CTr_y,L-M-ThC_z,0.30836930731543727
L-H-ThC_z,R-F-ThC_x,-0.3083611334710361
L-H-TiTa_y,R-M-TiTa_y,0.30823476298722885
L-F-TaG_z,L-H-ThC_y,0.30818209800255997
L-F-ThC_y,R-WH_x,0.3080880773536682
Notum_y,R-H-ThC_y,0.30772522809831004
L-F-FeTi_y,R-H-TiTa_z,-0.30743457884006353
R-H-ThC_z,R-H-TiTa_z,0.3073527012501079
L-M-ThC_y,L-M-TiTa_z,-0.30703113925621195
R-F-FeTi_z,R-M-TiTa_y,0.3069766307324341
L-H-CTr_z,R-H-TaG_z,0.30691003085301183
R-M-CTr_z,R-M-FeTi_y,-0.3068497562304622
L-M-TaG_x,L-M-TaG_y,-0.30657748591717066
R-F-TiTa_z,R-M-TaG_y,0.30608870202583266
L-H-TiTa_y,R-H-FeTi_y,-0.3055267749215045
L-F-FeTi_y,L-H-CTr_y,0.3049709359415527
R-H-CTr_x,R-H-TaG_z,0.3048985327822353
L-H-TiTa_z,L-M-ThC_x,0.30477035691465826
R-M-CTr_z,R-M-TaG_y,-0.30437160878526287
L-F-TaG_z,L-M-ThC_y,-0.30418354937219816
L-M-TaG_z,R-M-CTr_x,0.30416443799776816
L-H-ThC_z,L-M-TaG_z,-0.30402724869035586
L-M-CTr_y,L-M-ThC_z,0.30391697727505707
L-M-CTr_z,L-M-FeTi_x,0.3035454494028511
L-H-FeTi_z,R-F-ThC_x,0.30354358915549134
L-H-CTr_z,R-M-TaG_x,-0.30328159676732636
L-F-ThC_y,R-H-TaG_z,0.3032030953197317
R-H-TaG_x,R-H-TaG_y,0.3029559412947249
L-H-TiTa_x,L-H-TiTa_y,-0.3026158749223656
L-M-CTr_y,L-M-TaG_z,-0.30210996359206405
Notum_x,R-H-ThC_z,0.3019399929165836
R-M-ThC_x,R-M-ThC_y,0.3018627848533975
L-M-TaG_z,R-H-ThC_z,0.3015433763459964
L-M-CTr_y,R-F-FeTi_y,0.30146782777612724
L-H-FeTi_z,L-H-TaG_x,-0.3013782714793722
R-H-ThC_z,R-M-TaG_z,-0.3012054086701784
L-F-TiTa_y,R-F-FeTi_z,0.3006784731743966
L-H-FeTi_z,R-M-ThC_x,0.30059813131403984
L-M-TaG_y,R-H-TaG_y,0.3003931976037785
R-H-TaG_y,R-M-ThC_x,-0.30011620193891214
