Variable 1,Variable 2,Correlation,Type
R-M-TaG_y,R-M-TiTa_y,0.9819774206071898,XYZ-XYZ
L-M-TaG_y,L-M-TiTa_y,0.9783457587600429,XYZ-XYZ
L-WH_x,R-WH_x,-0.9763354694942981,XYZ-XYZ
R-F-TaG_y,R-F-TiTa_y,0.9724009302858886,XYZ-XYZ
L-M-FeTi_z,L-M-TiTa_z,0.9678336777559635,XYZ-XYZ
R-F-FeTi_z,R-F-TiTa_z,0.95289159760599,XYZ-XYZ
L-F-TaG_y,L-F-TiTa_y,0.9420132980937058,XYZ-XYZ
L-F-FeTi_z,L-F-TiTa_z,0.9418206606456091,XYZ-XYZ
R-F-TaG_x,R-F-TiTa_x,0.9357238785022711,XYZ-XYZ
L-M-TaG_z,L-M-TiTa_z,0.9323079660677129,XYZ-XYZ
R-M-FeTi_y,R-M-TaG_y,0.9308041044606071,XYZ-XYZ
R-M-FeTi_y,R-M-TiTa_y,0.9290792976025344,XYZ-XYZ
R-M-TaG_x,R-M-TiTa_x,0.9274885586919929,XYZ-XYZ
R-F-CTr_y,R-F-CTr_z,-0.9270804240944633,XYZ-XYZ
L-H-TaG_y,L-H-TiTa_y,0.922699138096118,XYZ-XYZ
R-H-TaG_y,R-H-TiTa_y,0.9182071627772852,XYZ-XYZ
L-H-ThC_x,R-H-ThC_x,0.9165829867431364,XYZ-XYZ
L-M-FeTi_y,L-M-TaG_y,0.9161858812970226,XYZ-XYZ
L-M-FeTi_y,L-M-TiTa_y,0.9144707947878974,XYZ-XYZ
L-H-TaG_z,L-H-TiTa_z,0.9060809940028062,XYZ-XYZ
R-M-FeTi_z,R-M-TiTa_z,0.9051028421323062,XYZ-XYZ
L-M-CTr_x,L-M-ThC_z,-0.9023256209234558,XYZ-XYZ
L-M-ThC_x,R-M-ThC_x,0.9010107849759574,XYZ-XYZ
L-H-TaG_x,L-H-TiTa_x,0.9006474068305641,XYZ-XYZ
L-F-ThC_y,L-WH_z,0.8978766340347704,XYZ-XYZ
R-H-TaG_z,R-H-TiTa_z,0.8978266124176186,XYZ-XYZ
L-M-TaG_x,L-M-TiTa_x,0.8932484494370238,XYZ-XYZ
L-F-TaG_x,L-F-TiTa_x,0.8908926846982532,XYZ-XYZ
L-F-ThC_x,R-M-ThC_z,0.8888657051427012,XYZ-XYZ
R-F-TaG_z,R-F-TiTa_z,0.8871646019216755,XYZ-XYZ
L-F-ThC_x,L-H-ThC_x,0.8861919337880368,XYZ-XYZ
L-M-ThC_z,R-H-ThC_x,-0.8814561799714133,XYZ-XYZ
L-M-FeTi_z,L-M-TaG_z,0.8787463382419135,XYZ-XYZ
L-M-ThC_z,R-F-ThC_x,-0.8771295487317846,XYZ-XYZ
L-H-FeTi_z,L-H-TiTa_z,0.8761724697579942,XYZ-XYZ
R-H-FeTi_z,R-H-TiTa_z,0.8760268492178046,XYZ-XYZ
R-H-TaG_x,R-H-TiTa_x,0.871497595434524,XYZ-XYZ
L-M-CTr_x,R-F-ThC_x,0.8693950245334331,XYZ-XYZ
L-F-ThC_x,L-M-ThC_z,-0.8678848036513431,XYZ-XYZ
L-F-CTr_y,L-F-CTr_z,-0.8673053655963542,XYZ-XYZ
L-F-CTr_y,L-F-TiTa_y,0.8603995998397317,XYZ-XYZ
L-F-FeTi_y,L-F-TiTa_y,0.8594103883486158,XYZ-XYZ
L-H-ThC_x,L-M-ThC_z,-0.8552400695252174,XYZ-XYZ
L-F-ThC_x,R-F-ThC_x,0.8526196911715272,XYZ-XYZ
R-F-ThC_x,R-H-ThC_x,0.84550503630681,XYZ-XYZ
R-H-FeTi_y,R-H-TiTa_y,0.8438032953505857,XYZ-XYZ
L-H-ThC_x,R-M-ThC_z,0.8402404111154647,XYZ-XYZ
R-M-TaG_z,R-M-TiTa_z,0.8383755285598002,XYZ-XYZ
R-F-FeTi_y,R-F-TiTa_y,0.8377048444355781,XYZ-XYZ
L-M-CTr_x,R-H-ThC_x,0.8258198579960006,XYZ-XYZ
L-H-FeTi_y,L-H-TiTa_y,0.8236603589700894,XYZ-XYZ
R-M-CTr_y,R-M-ThC_y,0.8197856245927728,XYZ-XYZ
L-M-FeTi_x,L-M-TaG_z,0.8196647414521404,XYZ-XYZ
Notum_x,R-M-ThC_x,0.8172062715092857,XYZ-XYZ
L-M-ThC_z,Notum_x,-0.8139322276099892,XYZ-XYZ
L-F-ThC_x,R-H-ThC_x,0.8128983836709309,XYZ-XYZ
L-F-TaG_z,L-F-TiTa_z,0.8102834514022033,XYZ-XYZ
L-F-CTr_y,L-F-FeTi_y,0.8096001283432982,XYZ-XYZ
R-M-CTr_x,R-M-ThC_x,0.8088229520873215,XYZ-XYZ
L-H-ThC_x,R-F-ThC_x,0.8086993545778562,XYZ-XYZ
R-F-CTr_z,R-F-TiTa_y,-0.8004597982956793,XYZ-XYZ
R-F-ThC_x,R-M-ThC_x,0.7991925065644431,XYZ-XYZ
R-H-FeTi_y,R-H-FeTi_z,0.7990327418502574,XYZ-XYZ
Notum_x,R-F-ThC_x,0.7985838565654559,XYZ-XYZ
R-F-FeTi_y,R-F-FeTi_z,-0.7946771542004138,XYZ-XYZ
R-F-CTr_y,R-F-TiTa_y,0.7946129228318661,XYZ-XYZ
L-M-FeTi_x,L-M-TiTa_z,0.7934300760002223,XYZ-XYZ
L-F-ThC_x,L-WH_z,-0.7908697007345633,XYZ-XYZ
L-M-ThC_y,R-H-ThC_y,0.7886962396529762,XYZ-XYZ
L-H-ThC_x,L-M-CTr_x,0.7872732819867246,XYZ-XYZ
L-F-ThC_x,L-M-CTr_x,0.7866250856206427,XYZ-XYZ
L-M-ThC_x,R-F-ThC_x,0.7863090469552502,XYZ-XYZ
R-F-FeTi_z,R-F-TaG_z,0.782593124391498,XYZ-XYZ
L-F-CTr_y,L-F-TaG_y,0.7814103995071593,XYZ-XYZ
R-F-ThC_x,R-M-ThC_z,0.776310376015531,XYZ-XYZ
L-WH_z,Notum_z,0.7762044503796043,XYZ-XYZ
L-F-ThC_y,R-F-ThC_y,0.7741081143124005,XYZ-XYZ
L-M-ThC_z,R-M-ThC_z,-0.7700243788079462,XYZ-XYZ
Notum_x,R-H-ThC_x,0.7678331939410207,XYZ-XYZ
L-M-FeTi_x,L-M-FeTi_z,0.7671636639166368,XYZ-XYZ
Notum_x,Notum_y,-0.7671340736915424,XYZ-XYZ
R-H-ThC_x,R-M-ThC_x,0.7660314469049228,XYZ-XYZ
R-M-FeTi_x,R-M-TiTa_z,-0.7648718645981016,XYZ-XYZ
R-F-CTr_z,R-F-TaG_y,-0.7647734844236735,XYZ-XYZ
Notum_x,R-M-CTr_x,0.76085701755286,XYZ-XYZ
L-M-ThC_x,L-WH_x,0.7604708505985385,XYZ-XYZ
L-M-ThC_z,R-M-ThC_x,-0.7573030209398529,XYZ-XYZ
L-F-FeTi_y,L-F-FeTi_z,-0.756763367837499,XYZ-XYZ
L-F-CTr_z,L-F-TiTa_y,-0.7551761620622593,XYZ-XYZ
R-F-CTr_y,R-F-TaG_y,0.7505176297908693,XYZ-XYZ
L-M-CTr_x,R-M-ThC_z,0.7496111282840399,XYZ-XYZ
L-WH_z,R-M-ThC_z,-0.7489213720834593,XYZ-XYZ
R-F-CTr_z,R-F-FeTi_y,-0.7488763282268384,XYZ-XYZ
R-H-ThC_x,R-M-ThC_z,0.7483350818110416,XYZ-XYZ
R-F-CTr_x,R-F-TiTa_x,0.7458706485521563,XYZ-XYZ
R-M-FeTi_x,R-M-FeTi_z,-0.7448661990866299,XYZ-XYZ
R-F-FeTi_y,R-F-TaG_y,0.7438019764392908,XYZ-XYZ
Notum_z,R-WH_z,0.743709918505848,XYZ-XYZ
L-H-FeTi_y,L-H-FeTi_z,0.7420744272901834,XYZ-XYZ
L-F-CTr_z,L-F-TaG_y,-0.7410026873281325,XYZ-XYZ
Notum_z,R-F-ThC_y,0.7406980587171875,XYZ-XYZ
L-M-ThC_x,R-WH_x,-0.7389978129618897,XYZ-XYZ
L-F-CTr_x,L-F-TiTa_x,0.7387508371065088,XYZ-XYZ
L-F-CTr_x,L-F-ThC_x,0.7357077169846006,XYZ-XYZ
R-F-ThC_x,R-M-CTr_x,0.7351387481181983,XYZ-XYZ
L-M-CTr_x,Notum_x,0.7339063539650061,XYZ-XYZ
L-M-CTr_y,R-H-ThC_y,0.7334571846421569,XYZ-XYZ
L-F-FeTi_x,L-F-TiTa_x,0.7326686423015103,XYZ-XYZ
L-F-FeTi_y,L-F-TaG_y,0.7306968874062251,XYZ-XYZ
R-F-FeTi_y,R-F-TiTa_z,-0.729674376835463,XYZ-XYZ
R-F-CTr_y,R-F-FeTi_y,0.7282645819419322,XYZ-XYZ
Notum_x,R-H-CTr_x,0.7230559836789324,XYZ-XYZ
L-H-FeTi_x,L-H-FeTi_y,-0.7227826539309646,XYZ-XYZ
L-M-CTr_y,L-M-ThC_y,0.7218069849586741,XYZ-XYZ
L-F-ThC_x,L-WH_x,0.7171387244650302,XYZ-XYZ
R-F-FeTi_x,R-F-TiTa_x,0.7157040537071362,XYZ-XYZ
R-H-ThC_x,R-M-CTr_x,0.7105106349480257,XYZ-XYZ
L-F-ThC_x,R-WH_x,-0.7086385005901367,XYZ-XYZ
R-H-CTr_x,R-M-CTr_x,0.7044544410671808,XYZ-XYZ
L-WH_z,R-F-ThC_y,0.7040907294363012,XYZ-XYZ
R-F-ThC_x,R-H-CTr_x,0.7015230106899494,XYZ-XYZ
L-F-CTr_x,R-F-ThC_x,0.6998411293048313,XYZ-XYZ
L-M-CTr_x,R-M-ThC_x,0.6992326972802668,XYZ-XYZ
L-H-ThC_x,L-M-FeTi_x,0.6947272869963352,XYZ-XYZ
L-H-ThC_x,L-WH_z,-0.6906628414422529,XYZ-XYZ
R-H-FeTi_y,R-H-TaG_y,0.6890717047458068,XYZ-XYZ
L-F-CTr_x,R-M-ThC_z,0.6884481693809952,XYZ-XYZ
L-H-FeTi_y,L-H-TaG_y,0.6871468862138537,XYZ-XYZ
L-H-FeTi_z,L-H-TaG_z,0.6869621412442322,XYZ-XYZ
L-F-CTr_x,L-M-ThC_z,-0.6850326707747179,XYZ-XYZ
L-M-ThC_x,R-M-CTr_x,0.683408033596504,XYZ-XYZ
L-F-ThC_y,Notum_z,0.6816257094819302,XYZ-XYZ
R-H-FeTi_z,R-H-TaG_z,0.6798139217002377,XYZ-XYZ
L-F-CTr_x,L-H-ThC_x,0.6788515700253815,XYZ-XYZ
L-M-FeTi_x,L-M-ThC_x,0.6747287887924387,XYZ-XYZ
L-M-ThC_z,R-M-CTr_x,-0.6742415436380608,XYZ-XYZ
R-H-CTr_x,R-M-ThC_x,0.6738159503997435,XYZ-XYZ
L-F-FeTi_z,L-F-TaG_z,0.673074251966456,XYZ-XYZ
L-M-ThC_x,R-H-ThC_x,0.6651039150290503,XYZ-XYZ
L-F-FeTi_y,L-F-TiTa_z,-0.663797094327259,XYZ-XYZ
L-M-ThC_x,L-M-ThC_z,-0.6630920192743861,XYZ-XYZ
L-WH_x,R-M-ThC_x,0.661137360762151,XYZ-XYZ
Notum_y,R-M-CTr_z,0.6591918366500814,XYZ-XYZ
L-F-CTr_x,R-H-ThC_x,0.6588403216258419,XYZ-XYZ
R-M-FeTi_z,R-M-TaG_z,0.6586917374905531,XYZ-XYZ
L-H-ThC_x,L-M-TaG_z,0.6579227512125817,XYZ-XYZ
L-F-ThC_y,R-M-ThC_z,-0.6553647065258349,XYZ-XYZ
L-M-FeTi_x,R-M-ThC_x,0.6544741395442815,XYZ-XYZ
R-M-ThC_x,R-WH_x,-0.6506060540910008,XYZ-XYZ
L-M-FeTi_x,R-H-ThC_x,0.650088624136524,XYZ-XYZ
L-F-ThC_x,L-F-ThC_y,-0.6483656918710946,XYZ-XYZ
L-H-ThC_x,L-M-ThC_x,0.647151364708546,XYZ-XYZ
R-H-ThC_z,R-WH_y,0.6462236257344115,XYZ-XYZ
L-F-CTr_x,L-M-CTr_x,0.646041290708745,XYZ-XYZ
R-M-FeTi_x,R-M-TaG_z,-0.6459398845108114,XYZ-XYZ
L-H-FeTi_x,L-H-TiTa_y,-0.645745098710524,XYZ-XYZ
Notum_x,R-M-CTr_z,-0.6455355122122384,XYZ-XYZ
L-M-CTr_x,R-M-CTr_x,0.6438992830017877,XYZ-XYZ
L-H-CTr_x,L-H-FeTi_x,0.6422743367427508,XYZ-XYZ
L-F-CTr_z,L-F-FeTi_y,-0.6384868389078672,XYZ-XYZ
L-F-ThC_y,R-M-ThC_y,0.6377977467493758,XYZ-XYZ
L-F-ThC_z,R-H-ThC_y,0.6361329651794779,XYZ-XYZ
R-H-FeTi_y,R-H-TiTa_z,0.6360367522024519,XYZ-XYZ
L-M-CTr_x,R-H-CTr_x,0.635706842128299,XYZ-XYZ
L-F-ThC_x,L-M-FeTi_x,0.6349410662464735,XYZ-XYZ
L-H-CTr_z,L-H-TaG_z,0.6338298531349694,XYZ-XYZ
L-WH_x,R-F-ThC_x,0.6330212720350293,XYZ-XYZ
L-M-ThC_x,Notum_x,0.6328466421276118,XYZ-XYZ
R-H-ThC_y,R-M-CTr_y,0.6311833428621582,XYZ-XYZ
L-M-FeTi_x,L-M-ThC_z,-0.6300224620495228,XYZ-XYZ
R-H-ThC_z,R-M-ThC_z,0.6279735989634156,XYZ-XYZ
L-H-ThC_x,R-M-ThC_x,0.6278477519614049,XYZ-XYZ
L-F-ThC_x,L-M-ThC_x,0.6271148583454681,XYZ-XYZ
R-F-FeTi_x,R-F-TaG_x,0.6268594397255295,XYZ-XYZ
R-F-ThC_x,R-WH_x,-0.6255524886770863,XYZ-XYZ
L-M-CTr_x,L-M-ThC_x,0.625015194292723,XYZ-XYZ
R-H-FeTi_z,R-H-TiTa_y,0.624926001043384,XYZ-XYZ
L-M-FeTi_x,R-F-ThC_x,0.6242520586200724,XYZ-XYZ
L-M-CTr_y,R-M-ThC_y,0.6238440355814272,XYZ-XYZ
L-F-ThC_y,L-H-ThC_z,0.6237751127741699,XYZ-XYZ
L-M-FeTi_x,R-M-ThC_z,0.6231804674920775,XYZ-XYZ
R-F-CTr_x,R-F-FeTi_x,0.6214805291079738,XYZ-XYZ
L-F-CTr_x,L-F-FeTi_x,0.6203236414545918,XYZ-XYZ
L-H-FeTi_x,L-H-TaG_y,-0.6156760119946104,XYZ-XYZ
L-M-CTr_y,R-M-CTr_y,0.6155565082827952,XYZ-XYZ
L-H-ThC_x,Notum_x,0.6138018373482115,XYZ-XYZ
L-M-ThC_z,R-H-CTr_x,-0.6123212493878454,XYZ-XYZ
L-F-FeTi_x,L-F-TaG_x,0.612225602547446,XYZ-XYZ
L-H-CTr_x,Notum_x,0.6112917074793188,XYZ-XYZ
L-F-ThC_x,R-M-ThC_x,0.6107660587895236,XYZ-XYZ
L-F-ThC_x,Notum_x,0.6096510432861135,XYZ-XYZ
R-F-CTr_x,R-F-TaG_x,0.6096225292899607,XYZ-XYZ
L-M-CTr_z,Notum_z,-0.6091979358858715,XYZ-XYZ
L-M-ThC_x,R-M-ThC_z,0.6088767087462009,XYZ-XYZ
L-F-ThC_y,L-H-ThC_x,-0.6050238218785425,XYZ-XYZ
Notum_y,R-F-ThC_y,-0.6035028315748765,XYZ-XYZ
Notum_y,R-H-ThC_x,-0.6031698373280993,XYZ-XYZ
L-H-CTr_x,R-M-ThC_x,0.6030277850757196,XYZ-XYZ
L-F-ThC_x,L-M-TaG_z,0.6023938422848996,XYZ-XYZ
R-H-ThC_y,R-M-ThC_y,0.60147486877642,XYZ-XYZ
L-WH_x,L-WH_z,-0.5994884456111824,XYZ-XYZ
L-F-ThC_z,L-M-ThC_y,0.5983365989788889,XYZ-XYZ
L-M-TaG_z,L-M-ThC_z,-0.597893863430024,XYZ-XYZ
L-M-TaG_z,R-M-ThC_z,0.5936259196223608,XYZ-XYZ
R-F-FeTi_z,R-F-TiTa_y,-0.5924152083288565,XYZ-XYZ
L-M-CTr_x,L-M-FeTi_x,0.5913352995451432,XYZ-XYZ
L-H-CTr_y,R-H-CTr_y,0.5909859808124104,XYZ-XYZ
Notum_y,R-M-ThC_x,-0.588854365277035,XYZ-XYZ
L-WH_x,R-M-ThC_z,0.5883400652802859,XYZ-XYZ
R-H-CTr_x,R-H-ThC_x,0.5875085803055606,XYZ-XYZ
Notum_y,R-H-CTr_x,-0.5869890928690367,XYZ-XYZ
L-M-ThC_z,L-WH_x,-0.5825426645977261,XYZ-XYZ
L-M-FeTi_x,R-WH_x,-0.5823198121626565,XYZ-XYZ
R-H-CTr_z,R-H-TaG_z,0.5818657702774052,XYZ-XYZ
L-F-FeTi_z,L-F-TiTa_y,-0.5810961034461997,XYZ-XYZ
L-M-FeTi_x,L-WH_x,0.5798395036428303,XYZ-XYZ
L-H-CTr_z,L-H-TiTa_z,0.5792879495830766,XYZ-XYZ
L-F-ThC_y,R-M-CTr_y,0.5791150838817251,XYZ-XYZ
L-H-TaG_z,R-M-ThC_x,0.5784440796379501,XYZ-XYZ
L-WH_z,R-WH_x,0.5782955246250904,XYZ-XYZ
L-M-ThC_z,L-WH_z,0.578231930082798,XYZ-XYZ
L-H-ThC_z,L-WH_z,0.5781040901083405,XYZ-XYZ
Notum_y,R-M-CTr_x,-0.5777822249633191,XYZ-XYZ
L-M-ThC_y,R-M-ThC_y,0.5760940546342116,XYZ-XYZ
L-H-CTr_y,L-H-CTr_z,-0.5734621968533209,XYZ-XYZ
R-H-CTr_z,R-H-TiTa_z,0.5696869896383973,XYZ-XYZ
L-F-CTr_x,L-M-ThC_x,0.5692618083098893,XYZ-XYZ
L-M-TaG_z,R-H-ThC_x,0.5687553313690897,XYZ-XYZ
R-M-ThC_x,R-M-ThC_z,0.5666270651352311,XYZ-XYZ
L-H-CTr_x,R-F-ThC_x,0.5658825612246939,XYZ-XYZ
L-M-ThC_z,R-M-CTr_z,0.5651821443263451,XYZ-XYZ
L-M-ThC_z,Notum_y,0.5640678685176296,XYZ-XYZ
L-H-CTr_y,L-H-TaG_z,-0.5614077608715936,XYZ-XYZ
L-H-FeTi_z,L-H-TiTa_y,0.5605388590110816,XYZ-XYZ
L-F-CTr_x,R-M-ThC_x,0.5600421589658662,XYZ-XYZ
R-F-FeTi_y,R-F-TaG_z,-0.5595112697732142,XYZ-XYZ
L-F-ThC_x,R-M-CTr_x,0.5591291688749799,XYZ-XYZ
L-M-ThC_z,R-WH_x,0.5581378496078881,XYZ-XYZ
L-H-CTr_x,L-H-TaG_y,-0.5566666387440868,XYZ-XYZ
L-M-ThC_x,R-H-CTr_x,0.5565554452464851,XYZ-XYZ
R-F-FeTi_y,R-F-ThC_z,-0.5538709574462386,XYZ-XYZ
L-F-CTr_x,L-WH_x,0.5529641827741998,XYZ-XYZ
R-M-ThC_z,R-WH_x,-0.5528940704957587,XYZ-XYZ
L-M-CTr_x,L-M-TaG_z,0.5523657587530452,XYZ-XYZ
L-F-CTr_x,L-F-TaG_x,0.5521697950024632,XYZ-XYZ
L-H-CTr_y,L-H-TaG_y,0.548919280732739,XYZ-XYZ
L-M-ThC_y,R-M-CTr_y,0.5488979460505092,XYZ-XYZ
Notum_x,R-M-ThC_z,0.5474552776957858,XYZ-XYZ
R-F-FeTi_z,R-F-ThC_z,0.547427405721674,XYZ-XYZ
L-F-ThC_y,R-M-TaG_z,0.5468310975928378,XYZ-XYZ
L-F-ThC_y,L-F-ThC_z,0.5457539663006974,XYZ-XYZ
L-H-ThC_x,R-M-CTr_x,0.5448472044307809,XYZ-XYZ
L-H-FeTi_y,L-H-TiTa_x,-0.5429994267657936,XYZ-XYZ
L-H-ThC_x,R-WH_x,-0.5428559777564803,XYZ-XYZ
L-M-FeTi_x,L-M-TiTa_x,0.5424626178692256,XYZ-XYZ
L-H-CTr_x,L-M-ThC_x,0.5420223476530122,XYZ-XYZ
L-H-ThC_y,L-M-ThC_x,-0.541664284247631,XYZ-XYZ
L-F-CTr_x,R-WH_x,-0.5409133104962778,XYZ-XYZ
L-H-CTr_y,Notum_y,0.5399991405150613,XYZ-XYZ
R-M-FeTi_x,R-M-TiTa_x,0.5382353291823028,XYZ-XYZ
Notum_y,R-F-ThC_x,-0.5379021872088009,XYZ-XYZ
L-H-CTr_x,R-M-CTr_x,0.5362370445600236,XYZ-XYZ
L-H-FeTi_y,L-H-TaG_x,-0.5361230424222813,XYZ-XYZ
L-H-CTr_x,R-H-CTr_x,0.5357552548452552,XYZ-XYZ
L-F-CTr_x,L-WH_z,-0.5352715823345153,XYZ-XYZ
L-F-CTr_x,Notum_x,0.5349587142040876,XYZ-XYZ
L-F-ThC_z,L-M-CTr_y,0.5343642372022402,XYZ-XYZ
R-M-FeTi_z,R-M-TiTa_x,-0.5330553367887672,XYZ-XYZ
R-H-ThC_x,R-M-CTr_z,-0.5327431939524299,XYZ-XYZ
L-H-FeTi_x,L-H-TiTa_x,0.5325782933528245,XYZ-XYZ
L-M-CTr_x,L-M-ThC_y,-0.5324594980731406,XYZ-XYZ
L-M-ThC_y,R-WH_z,-0.5323291831954837,XYZ-XYZ
L-H-FeTi_y,L-H-TiTa_z,0.529999732156513,XYZ-XYZ
L-M-TaG_z,R-F-ThC_x,0.529518107333956,XYZ-XYZ
L-M-TaG_z,L-WH_z,-0.527724245884426,XYZ-XYZ
R-F-ThC_x,R-M-CTr_z,-0.5255276644297677,XYZ-XYZ
L-H-ThC_x,L-WH_x,0.524119393450261,XYZ-XYZ
R-F-ThC_y,R-M-ThC_y,0.5230321371720268,XYZ-XYZ
L-F-CTr_x,L-M-FeTi_x,0.5221660342915013,XYZ-XYZ
R-H-FeTi_y,R-WH_y,0.522023570410133,XYZ-XYZ
L-H-TaG_y,R-H-TaG_z,-0.5215771489368644,XYZ-XYZ
L-H-ThC_x,L-M-TiTa_z,0.5204850639850325,XYZ-XYZ
L-F-ThC_y,R-H-ThC_y,0.5194311394832893,XYZ-XYZ
L-F-CTr_y,L-F-FeTi_z,-0.5174336967038318,XYZ-XYZ
L-H-ThC_z,R-H-ThC_y,0.5166113866964261,XYZ-XYZ
L-M-ThC_x,R-F-TaG_z,-0.5161523121153365,XYZ-XYZ
L-H-TaG_z,R-H-ThC_x,0.5161437232862754,XYZ-XYZ
R-M-CTr_x,R-M-ThC_z,0.5160595478076638,XYZ-XYZ
L-M-FeTi_x,L-WH_z,-0.5152198882630911,XYZ-XYZ
L-F-ThC_z,R-WH_z,-0.5147491342330949,XYZ-XYZ
L-M-FeTi_x,Notum_x,0.5142409706171425,XYZ-XYZ
L-H-CTr_x,L-M-ThC_z,-0.5140705756744769,XYZ-XYZ
L-M-FeTi_z,L-M-TiTa_x,0.5124752811298751,XYZ-XYZ
R-F-CTr_x,R-F-ThC_x,0.5100979031546213,XYZ-XYZ
L-M-ThC_y,L-M-ThC_z,0.5097862839045507,XYZ-XYZ
R-F-TaG_z,R-WH_x,0.5081544849277766,XYZ-XYZ
R-H-FeTi_x,R-H-TiTa_x,0.5080381698979516,XYZ-XYZ
L-M-CTr_x,L-WH_z,-0.5078639749824622,XYZ-XYZ
L-H-TiTa_z,L-M-TiTa_y,-0.5073077026139334,XYZ-XYZ
R-F-CTr_z,R-F-ThC_z,0.50674684718979,XYZ-XYZ
R-H-FeTi_z,R-WH_y,0.5067223205051976,XYZ-XYZ
L-F-TaG_z,L-F-ThC_y,-0.5064786881049881,XYZ-XYZ
L-H-TaG_z,L-M-TaG_y,-0.5048779682444454,XYZ-XYZ
L-H-TaG_z,R-H-TaG_z,0.5044647166620277,XYZ-XYZ
L-H-TaG_z,L-M-FeTi_x,0.5043159342215943,XYZ-XYZ
L-H-CTr_x,L-H-CTr_y,-0.5041610130743172,XYZ-XYZ
L-M-CTr_z,R-WH_z,-0.5038260100348344,XYZ-XYZ
R-H-ThC_x,R-WH_x,-0.5028872778297304,XYZ-XYZ
L-F-TaG_z,R-F-ThC_y,-0.5028807809536406,XYZ-XYZ
L-H-TaG_z,R-H-CTr_y,-0.5028682450724036,XYZ-XYZ
L-H-TiTa_z,L-M-TaG_y,-0.502297959040712,XYZ-XYZ
R-H-TaG_z,R-M-ThC_x,0.5013596456857216,XYZ-XYZ
Notum_y,Notum_z,-0.5013231903552519,XYZ-XYZ
L-F-ThC_x,L-H-ThC_z,-0.5005528227530146,XYZ-XYZ
L-H-ThC_x,R-H-CTr_y,-0.49857279986809644,XYZ-XYZ
L-H-CTr_x,L-M-CTr_x,0.49839926856179345,XYZ-XYZ
L-H-ThC_x,L-M-FeTi_z,0.4983772334568279,XYZ-XYZ
L-H-CTr_y,R-H-TaG_z,-0.49821700940806674,XYZ-XYZ
L-WH_x,R-F-TaG_z,-0.49691484006000874,XYZ-XYZ
L-F-ThC_z,L-H-ThC_z,0.4959287251253128,XYZ-XYZ
L-H-ThC_x,R-M-CTr_z,-0.4954531202684853,XYZ-XYZ
L-WH_x,Notum_x,0.4951777152433465,XYZ-XYZ
R-F-TaG_z,R-M-ThC_x,-0.4949254934612164,XYZ-XYZ
L-F-CTr_x,R-M-CTr_x,0.4945331489681184,XYZ-XYZ
L-M-FeTi_z,L-M-ThC_z,-0.4934752206620374,XYZ-XYZ
L-M-ThC_z,L-M-TiTa_z,-0.49251891231767614,XYZ-XYZ
L-H-TaG_z,L-M-FeTi_y,-0.4919905476675965,XYZ-XYZ
R-M-CTr_y,R-M-TaG_z,0.4916417081309118,XYZ-XYZ
L-M-CTr_x,Notum_y,-0.49057488210226274,XYZ-XYZ
L-H-CTr_y,Notum_x,-0.49009119934137507,XYZ-XYZ
R-H-CTr_y,R-H-TaG_x,0.4888929717741512,XYZ-XYZ
L-M-TaG_z,L-M-ThC_x,0.4883769639445588,XYZ-XYZ
L-H-TaG_z,Notum_x,0.48781340389922423,XYZ-XYZ
Notum_x,R-WH_x,-0.486670825856662,XYZ-XYZ
R-H-CTr_y,R-H-ThC_x,-0.4856823714956198,XYZ-XYZ
L-H-ThC_z,R-M-CTr_y,0.4842994286038195,XYZ-XYZ
R-F-ThC_z,R-F-TiTa_z,0.48417144746287344,XYZ-XYZ
L-M-TiTa_x,L-M-TiTa_z,0.4832596526366447,XYZ-XYZ
Notum_y,R-H-CTr_y,0.48314888356426694,XYZ-XYZ
L-H-CTr_x,R-H-ThC_x,0.4831156115545056,XYZ-XYZ
L-H-TaG_y,R-H-TiTa_z,-0.4817301195945652,XYZ-XYZ
L-M-CTr_z,R-F-ThC_y,-0.4811778420070779,XYZ-XYZ
R-H-CTr_y,R-H-TaG_y,0.48049785550490887,XYZ-XYZ
L-F-ThC_y,L-M-TaG_z,-0.48045757762582675,XYZ-XYZ
L-H-CTr_x,L-H-TiTa_y,-0.47994089633456893,XYZ-XYZ
R-F-CTr_y,R-F-ThC_z,-0.4796271629438637,XYZ-XYZ
L-H-ThC_z,R-M-ThC_z,-0.4796131501229908,XYZ-XYZ
L-F-ThC_x,L-M-TiTa_z,0.47951950797649034,XYZ-XYZ
L-M-TaG_z,R-M-ThC_x,0.47894856674748576,XYZ-XYZ
L-WH_z,R-M-TaG_z,0.478801851489854,XYZ-XYZ
L-M-TiTa_z,R-M-ThC_z,0.4785267242582699,XYZ-XYZ
L-H-TaG_z,L-M-TiTa_y,-0.478120363107221,XYZ-XYZ
Notum_x,R-F-ThC_y,0.4780395767056272,XYZ-XYZ
L-M-CTr_x,L-M-TiTa_z,0.4778674429595876,XYZ-XYZ
R-WH_x,R-WH_z,0.4777431077383408,XYZ-XYZ
L-WH_z,R-H-ThC_x,-0.47737683136065756,XYZ-XYZ
L-H-TiTa_z,R-H-CTr_y,-0.477168401051215,XYZ-XYZ
L-F-ThC_x,R-H-ThC_z,0.47672018820301726,XYZ-XYZ
L-H-TiTa_z,L-M-FeTi_y,-0.4756373149552349,XYZ-XYZ
L-WH_x,R-H-ThC_x,0.47556968754023654,XYZ-XYZ
L-WH_z,R-F-ThC_x,-0.4745187220307422,XYZ-XYZ
R-H-ThC_y,R-WH_z,-0.47438090278842865,XYZ-XYZ
R-F-FeTi_z,R-F-TaG_y,-0.4729244642457152,XYZ-XYZ
L-H-TaG_z,L-M-ThC_x,0.47146868931733193,XYZ-XYZ
L-H-CTr_y,R-H-TiTa_z,-0.4701722018902779,XYZ-XYZ
R-F-TiTa_y,R-F-TiTa_z,-0.46858758284743224,XYZ-XYZ
L-M-CTr_x,R-F-CTr_x,0.4681826741556657,XYZ-XYZ
L-M-CTr_x,L-M-FeTi_z,0.46773302749863266,XYZ-XYZ
L-M-CTr_x,R-M-CTr_z,-0.46763066216431987,XYZ-XYZ
R-M-CTr_x,R-M-CTr_z,-0.4673312208952868,XYZ-XYZ
L-F-ThC_x,R-H-CTr_x,0.4672423408408501,XYZ-XYZ
L-H-ThC_x,Notum_y,-0.4669478459355215,XYZ-XYZ
L-H-ThC_x,R-H-ThC_y,-0.4662645074719945,XYZ-XYZ
L-H-ThC_y,R-F-ThC_y,-0.4661214445878902,XYZ-XYZ
L-M-TiTa_y,R-F-TiTa_y,0.4654786663771623,XYZ-XYZ
L-H-CTr_y,L-H-TiTa_z,-0.4653055011948916,XYZ-XYZ
L-WH_x,R-M-CTr_x,0.46475912164012106,XYZ-XYZ
R-H-CTr_x,R-M-ThC_z,0.4644753642015531,XYZ-XYZ
L-M-ThC_y,R-M-CTr_z,0.46370055537709576,XYZ-XYZ
L-F-ThC_y,L-M-CTr_y,0.46335606102372107,XYZ-XYZ
R-M-CTr_z,R-M-ThC_x,-0.46311905406240234,XYZ-XYZ
R-M-TaG_z,R-M-ThC_y,0.4606323417135497,XYZ-XYZ
L-M-FeTi_z,R-M-ThC_x,0.4592785165557958,XYZ-XYZ
L-M-FeTi_x,R-M-CTr_x,0.4588317789122682,XYZ-XYZ
L-M-TaG_y,R-F-TaG_y,0.45738600061425944,XYZ-XYZ
L-M-ThC_y,R-F-ThC_x,-0.45730133557642294,XYZ-XYZ
R-F-ThC_z,R-WH_z,0.4572853896590147,XYZ-XYZ
L-M-TiTa_y,R-F-TaG_y,0.45700638124374376,XYZ-XYZ
L-F-FeTi_z,L-M-ThC_y,-0.4565400126803013,XYZ-XYZ
L-M-ThC_y,Notum_y,0.45604139477499994,XYZ-XYZ
L-M-TiTa_z,R-H-ThC_x,0.4551806500175788,XYZ-XYZ
L-M-TaG_z,R-WH_x,-0.4547002531620953,XYZ-XYZ
L-H-ThC_z,R-F-ThC_y,0.454448687228103,XYZ-XYZ
R-F-CTr_z,R-F-FeTi_z,0.4542781368717512,XYZ-XYZ
L-F-TaG_z,L-WH_z,-0.4542516284603983,XYZ-XYZ
R-H-TiTa_y,R-WH_y,0.4539467575436648,XYZ-XYZ
L-M-TaG_y,R-F-TiTa_y,0.4531646138985118,XYZ-XYZ
L-F-ThC_z,R-M-CTr_y,0.4531492951221607,XYZ-XYZ
L-WH_x,R-WH_z,-0.45296178314117713,XYZ-XYZ
R-H-TaG_z,R-M-TaG_y,-0.4529249697740981,XYZ-XYZ
R-F-ThC_y,R-M-CTr_y,0.4525057360293792,XYZ-XYZ
L-M-FeTi_z,R-M-ThC_z,0.4520477962612971,XYZ-XYZ
L-H-CTr_x,L-H-FeTi_y,-0.45197311130859485,XYZ-XYZ
L-F-TaG_z,R-M-ThC_y,-0.45071037463816177,XYZ-XYZ
L-M-ThC_x,L-M-TiTa_z,0.4503533818346975,XYZ-XYZ
L-M-TaG_z,L-WH_x,0.4495049355486952,XYZ-XYZ
L-M-FeTi_z,R-F-ThC_x,0.4494488246272308,XYZ-XYZ
L-M-FeTi_z,R-H-ThC_x,0.4485985699909443,XYZ-XYZ
L-F-ThC_x,L-M-FeTi_z,0.4485948310083421,XYZ-XYZ
L-M-CTr_x,L-WH_x,0.44839472240308953,XYZ-XYZ
L-H-ThC_x,R-H-CTr_x,0.44802515950843513,XYZ-XYZ
R-M-CTr_x,R-WH_x,-0.44780281778565767,XYZ-XYZ
L-H-CTr_z,L-H-ThC_x,0.4475532437568934,XYZ-XYZ
L-M-TiTa_z,R-M-ThC_x,0.44727080756036475,XYZ-XYZ
R-F-ThC_x,R-H-ThC_y,-0.4470877476228552,XYZ-XYZ
R-H-FeTi_x,R-H-TaG_x,0.4470081733547781,XYZ-XYZ
L-M-TiTa_z,R-F-ThC_x,0.4464574158213346,XYZ-XYZ
R-F-CTr_x,R-H-CTr_x,0.44617916494717863,XYZ-XYZ
L-M-TaG_z,Notum_x,0.4460892074666768,XYZ-XYZ
L-M-ThC_z,R-F-CTr_x,-0.44539443689939545,XYZ-XYZ
L-M-FeTi_z,L-M-ThC_x,0.4448476781566163,XYZ-XYZ
R-F-CTr_x,R-M-CTr_x,0.44326938436683794,XYZ-XYZ
R-H-TiTa_z,R-WH_y,0.4429883776413214,XYZ-XYZ
L-F-TiTa_y,L-F-TiTa_z,-0.44295523936062325,XYZ-XYZ
L-F-TaG_y,R-M-TiTa_y,0.44285707705456323,XYZ-XYZ
L-F-ThC_x,L-F-TiTa_x,0.44284494063254304,XYZ-XYZ
L-H-ThC_z,R-M-ThC_y,0.4426860892563166,XYZ-XYZ
R-H-CTr_x,R-M-CTr_z,-0.44204988007546997,XYZ-XYZ
R-H-CTr_y,R-H-CTr_z,-0.44127444867609,XYZ-XYZ
L-M-FeTi_z,Notum_x,0.4405157713464246,XYZ-XYZ
L-H-CTr_y,L-H-TiTa_y,0.43929645752721663,XYZ-XYZ
L-H-FeTi_x,L-H-TaG_x,0.43843028308159687,XYZ-XYZ
L-F-TaG_y,R-M-TaG_y,0.43834715133282,XYZ-XYZ
L-H-TaG_z,R-H-TaG_y,-0.4382548582185372,XYZ-XYZ
L-M-CTr_z,L-WH_z,-0.437936102040304,XYZ-XYZ
R-H-FeTi_y,R-H-TaG_z,0.4378531053243121,XYZ-XYZ
L-M-ThC_z,R-H-CTr_y,0.43782755001100254,XYZ-XYZ
R-F-FeTi_x,R-M-CTr_x,0.43769876817020203,XYZ-XYZ
L-WH_z,R-M-ThC_y,0.43564093762152023,XYZ-XYZ
L-H-CTr_x,L-H-TiTa_x,0.43509954316152255,XYZ-XYZ
L-F-CTr_x,L-M-TaG_z,0.4348957487954158,XYZ-XYZ
L-H-CTr_x,Notum_y,-0.4348746900015394,XYZ-XYZ
L-H-TaG_z,L-H-ThC_x,0.43463234850955657,XYZ-XYZ
L-M-ThC_x,Notum_y,-0.4343584231203692,XYZ-XYZ
L-F-CTr_x,L-H-CTr_x,0.4306161464697956,XYZ-XYZ
L-H-CTr_z,R-H-CTr_y,-0.42994931675452097,XYZ-XYZ
R-F-FeTi_x,R-M-ThC_x,0.4299051868937093,XYZ-XYZ
L-M-CTr_x,R-H-ThC_y,-0.4293604482631953,XYZ-XYZ
R-H-TaG_z,R-M-TiTa_y,-0.42911956526997824,XYZ-XYZ
L-M-CTr_y,R-WH_z,-0.4290991008535171,XYZ-XYZ
R-F-ThC_y,R-H-CTr_x,0.4290362910957361,XYZ-XYZ
L-H-ThC_y,R-M-ThC_x,-0.42879449602637076,XYZ-XYZ
Notum_x,R-H-TaG_z,0.4286275509622441,XYZ-XYZ
R-H-CTr_z,R-H-FeTi_z,0.4283280755308606,XYZ-XYZ
L-M-TiTa_z,L-WH_x,0.4269153165540307,XYZ-XYZ
R-H-CTr_y,R-H-TiTa_x,0.42661874318855814,XYZ-XYZ
L-M-TiTa_z,R-WH_x,-0.4264776834068315,XYZ-XYZ
L-H-TaG_z,L-M-ThC_z,-0.42571295240582047,XYZ-XYZ
Notum_z,R-WH_x,0.42536601171341243,XYZ-XYZ
L-WH_x,Notum_z,-0.42515115474516735,XYZ-XYZ
L-F-CTr_y,L-M-ThC_y,0.4248241458920938,XYZ-XYZ
R-F-CTr_y,R-F-FeTi_z,-0.4246900896731562,XYZ-XYZ
L-F-TiTa_y,R-M-TiTa_y,0.42466891077220054,XYZ-XYZ
L-F-TaG_z,L-H-ThC_z,-0.4242350322249806,XYZ-XYZ
L-M-CTr_x,R-WH_x,-0.4242220043936311,XYZ-XYZ
L-H-ThC_x,R-H-ThC_z,0.42388864932488,XYZ-XYZ
R-H-FeTi_z,R-H-TaG_y,0.42355003618401105,XYZ-XYZ
L-F-FeTi_x,L-F-ThC_x,0.4234028309132544,XYZ-XYZ
L-H-TiTa_z,R-H-ThC_x,0.42331595361223495,XYZ-XYZ
L-F-TaG_z,R-M-CTr_y,-0.4230356363747207,XYZ-XYZ
R-F-ThC_y,R-M-TaG_z,0.4208546322205291,XYZ-XYZ
R-H-ThC_y,R-M-CTr_z,0.4200780355592418,XYZ-XYZ
R-H-TiTa_z,R-M-TiTa_y,-0.41985841470930674,XYZ-XYZ
L-M-TiTa_z,L-WH_z,-0.418417819594892,XYZ-XYZ
L-H-TaG_z,Notum_y,-0.4175675066984464,XYZ-XYZ
L-H-TaG_z,R-M-CTr_x,0.4175473523818761,XYZ-XYZ
L-H-FeTi_z,L-M-TiTa_y,-0.4174103721810035,XYZ-XYZ
L-M-TiTa_y,R-F-CTr_y,0.416942847241323,XYZ-XYZ
R-H-TiTa_z,R-M-TaG_y,-0.41688892849800624,XYZ-XYZ
Notum_x,R-F-FeTi_x,0.41568127861547616,XYZ-XYZ
L-H-TaG_y,R-H-FeTi_z,-0.4155261154237859,XYZ-XYZ
L-M-CTr_y,R-F-CTr_y,0.41543522949098366,XYZ-XYZ
L-M-FeTi_y,R-F-TaG_y,0.41466117985786544,XYZ-XYZ
R-F-ThC_z,R-F-TiTa_y,-0.41423735975449066,XYZ-XYZ
L-F-FeTi_x,L-WH_z,-0.4139553534464987,XYZ-XYZ
Notum_x,R-F-CTr_x,0.41359004968483076,XYZ-XYZ
R-F-CTr_x,R-H-ThC_x,0.4132707794755686,XYZ-XYZ
L-H-ThC_z,R-M-TaG_z,0.41263689850634117,XYZ-XYZ
L-M-FeTi_z,Notum_y,-0.41138715646420343,XYZ-XYZ
L-M-FeTi_y,R-F-TiTa_y,0.4107779720496991,XYZ-XYZ
L-F-TiTa_y,R-M-TaG_y,0.4105311150258796,XYZ-XYZ
L-M-CTr_y,R-H-CTr_y,0.41046540940065307,XYZ-XYZ
R-F-CTr_x,R-M-ThC_x,0.41002648722604884,XYZ-XYZ
L-H-FeTi_x,L-H-FeTi_z,-0.4090765743068184,XYZ-XYZ
L-M-TaG_z,R-H-CTr_y,-0.40868643070945765,XYZ-XYZ
L-H-ThC_z,R-H-ThC_z,-0.40860990558648097,XYZ-XYZ
L-F-ThC_y,L-M-ThC_z,0.4085518304795085,XYZ-XYZ
L-F-TiTa_x,R-F-ThC_x,0.40835319966115813,XYZ-XYZ
L-M-ThC_y,R-H-CTr_y,0.4073187307169159,XYZ-XYZ
L-M-CTr_z,Notum_y,0.40691600237970244,XYZ-XYZ
L-M-TiTa_y,R-F-CTr_z,-0.40689701853890436,XYZ-XYZ
R-F-ThC_y,R-M-CTr_x,0.4065513068571149,XYZ-XYZ
Notum_y,R-M-FeTi_z,-0.40516929955347813,XYZ-XYZ
L-M-ThC_z,R-H-ThC_y,0.4050365815229413,XYZ-XYZ
R-H-FeTi_z,R-H-ThC_z,0.4045514193896055,XYZ-XYZ
L-H-ThC_x,L-M-ThC_y,-0.4038845932424784,XYZ-XYZ
R-H-CTr_z,R-M-TaG_y,-0.4038534997708479,XYZ-XYZ
R-H-CTr_y,R-H-TiTa_y,0.4034059207196085,XYZ-XYZ
L-F-ThC_z,R-M-ThC_y,0.40329370408903437,XYZ-XYZ
L-M-FeTi_z,L-WH_x,0.40323699569431615,XYZ-XYZ
L-H-TiTa_z,L-M-FeTi_x,0.40215106867611267,XYZ-XYZ
L-M-FeTi_x,R-H-CTr_y,-0.402141003345202,XYZ-XYZ
R-H-CTr_y,R-M-CTr_y,0.4020539562135834,XYZ-XYZ
L-F-FeTi_x,R-M-ThC_z,0.4017853978113503,XYZ-XYZ
L-M-TaG_z,L-M-TiTa_x,0.4017282104890451,XYZ-XYZ
L-F-CTr_x,R-H-CTr_x,0.401423965906085,XYZ-XYZ
L-M-FeTi_z,R-WH_x,-0.40097422746566747,XYZ-XYZ
Notum_x,R-F-TaG_z,-0.4008270457498545,XYZ-XYZ
L-F-ThC_x,L-H-CTr_x,0.4007272923508454,XYZ-XYZ
L-M-FeTi_z,R-M-CTr_z,-0.400490212512756,XYZ-XYZ
L-M-TiTa_z,Notum_x,0.39992755234087796,XYZ-XYZ
L-H-TiTa_y,R-H-TiTa_z,-0.39987139409927097,XYZ-XYZ
R-H-CTr_y,R-H-ThC_y,0.39966071247374235,XYZ-XYZ
L-H-CTr_z,R-H-ThC_x,0.39947469557124254,XYZ-XYZ
Notum_z,R-M-ThC_z,-0.399269905655692,XYZ-XYZ
L-H-TiTa_z,R-H-TaG_y,-0.3991184067464647,XYZ-XYZ
L-M-TaG_z,L-M-ThC_y,-0.39889759324738644,XYZ-XYZ
L-F-ThC_x,R-F-CTr_x,0.3987341259357475,XYZ-XYZ
R-F-FeTi_x,R-F-ThC_x,0.39869200546205374,XYZ-XYZ
L-M-ThC_y,R-M-ThC_z,-0.3976857108027986,XYZ-XYZ
L-F-FeTi_y,L-M-ThC_y,0.39753256471375403,XYZ-XYZ
L-M-ThC_x,L-WH_z,-0.3967636354339728,XYZ-XYZ
L-M-TaG_y,R-F-CTr_z,-0.3967419299212634,XYZ-XYZ
L-H-CTr_z,L-WH_z,-0.3966759921137161,XYZ-XYZ
L-F-ThC_y,L-M-ThC_y,0.39639914097324913,XYZ-XYZ
L-F-ThC_y,R-H-ThC_z,-0.3960990364303388,XYZ-XYZ
L-F-ThC_x,R-H-ThC_y,-0.3958828060273038,XYZ-XYZ
R-F-FeTi_x,R-H-ThC_x,0.39550000697870025,XYZ-XYZ
L-M-TaG_y,R-F-CTr_y,0.39513371769898736,XYZ-XYZ
L-M-TaG_z,Notum_y,-0.39474641806141675,XYZ-XYZ
L-M-TiTa_y,R-F-FeTi_y,0.3941313427009646,XYZ-XYZ
R-H-TaG_z,R-M-FeTi_y,-0.39394172325993404,XYZ-XYZ
L-H-ThC_z,L-M-ThC_z,0.3931875420956628,XYZ-XYZ
L-F-FeTi_z,L-F-TaG_y,-0.3927976353078068,XYZ-XYZ
L-H-FeTi_z,L-M-TaG_y,-0.392483862460624,XYZ-XYZ
L-H-TaG_z,R-F-ThC_x,0.39236973151886595,XYZ-XYZ
L-F-ThC_x,Notum_z,-0.392062313368373,XYZ-XYZ
L-H-CTr_z,Notum_z,-0.3916248636948423,XYZ-XYZ
R-H-CTr_z,R-M-TiTa_y,-0.39162209454282587,XYZ-XYZ
L-F-FeTi_y,L-F-TaG_z,-0.3911328962780326,XYZ-XYZ
L-H-TiTa_y,R-H-TaG_z,-0.3910994236215608,XYZ-XYZ
L-M-ThC_x,R-F-CTr_x,0.3903690097197641,XYZ-XYZ
L-F-TiTa_x,R-M-ThC_z,0.3903082135320868,XYZ-XYZ
Notum_x,R-H-CTr_y,-0.38939135418285087,XYZ-XYZ
L-F-CTr_z,R-M-TiTa_y,-0.3892409194066762,XYZ-XYZ
L-H-TaG_z,R-M-CTr_z,-0.38893501473351016,XYZ-XYZ
L-H-FeTi_z,R-H-ThC_x,0.38879755690551987,XYZ-XYZ
L-M-FeTi_x,Notum_y,-0.38870747490141444,XYZ-XYZ
L-H-CTr_y,L-M-ThC_z,0.38829511691124896,XYZ-XYZ
L-H-CTr_z,L-M-FeTi_x,0.3882183558182836,XYZ-XYZ
L-H-CTr_z,R-M-ThC_z,0.3880442697915454,XYZ-XYZ
L-H-TaG_z,R-WH_x,-0.38794120413899025,XYZ-XYZ
L-H-TiTa_z,R-M-ThC_x,0.3878535513265617,XYZ-XYZ
L-H-CTr_y,L-H-TiTa_x,-0.3867168090493131,XYZ-XYZ
R-H-CTr_z,R-H-TiTa_x,-0.3864702758357108,XYZ-XYZ
L-H-CTr_y,R-H-ThC_x,-0.38640944462963506,XYZ-XYZ
L-WH_z,R-M-CTr_y,0.3862838282850303,XYZ-XYZ
L-H-TiTa_y,R-H-FeTi_z,-0.3857638548726275,XYZ-XYZ
L-H-ThC_x,L-M-CTr_y,-0.38576261924713084,XYZ-XYZ
L-M-ThC_z,R-F-FeTi_x,-0.38567389600188745,XYZ-XYZ
L-H-CTr_y,L-M-TaG_y,0.38546501338019246,XYZ-XYZ
L-H-ThC_z,L-M-CTr_x,-0.3854136532559696,XYZ-XYZ
L-F-CTr_x,L-F-ThC_y,-0.38502876121280105,XYZ-XYZ
L-F-FeTi_x,L-F-ThC_y,-0.3846250231842064,XYZ-XYZ
L-H-CTr_x,L-H-ThC_x,0.3845754670637326,XYZ-XYZ
L-F-TiTa_z,L-M-ThC_y,-0.38439914597077546,XYZ-XYZ
L-M-CTr_x,R-H-CTr_y,-0.38422705821404946,XYZ-XYZ
L-H-CTr_y,R-H-CTr_z,-0.3841868702117332,XYZ-XYZ
L-F-ThC_y,L-M-FeTi_x,-0.3834678244743415,XYZ-XYZ
L-F-ThC_y,L-M-CTr_x,-0.38286722164021075,XYZ-XYZ
L-F-ThC_z,L-M-CTr_x,-0.3828056356840577,XYZ-XYZ
L-F-TaG_y,R-M-FeTi_y,0.3827233169917769,XYZ-XYZ
R-H-TiTa_z,R-M-ThC_x,0.3823981333049194,XYZ-XYZ
L-M-CTr_x,R-H-ThC_z,0.3816802976768295,XYZ-XYZ
L-M-FeTi_x,R-M-CTr_z,-0.3816208210630923,XYZ-XYZ
R-F-FeTi_x,R-WH_x,-0.38158305368497525,XYZ-XYZ
L-WH_z,R-H-ThC_z,-0.3812649829846428,XYZ-XYZ
L-M-TaG_z,R-M-CTr_z,-0.3809962077260469,XYZ-XYZ
L-H-ThC_x,R-F-CTr_x,0.3809884844822854,XYZ-XYZ
R-F-ThC_y,R-M-ThC_x,0.38034431751309555,XYZ-XYZ
L-F-CTr_z,L-WH_y,-0.3800657093767173,XYZ-XYZ
L-M-ThC_x,R-F-FeTi_x,0.3797450616872137,XYZ-XYZ
L-F-CTr_y,L-H-CTr_y,0.3796884186435123,XYZ-XYZ
L-H-CTr_z,R-H-TaG_x,-0.37948557919977477,XYZ-XYZ
R-H-CTr_x,R-H-FeTi_z,0.37912436682640904,XYZ-XYZ
L-F-FeTi_z,R-M-CTr_y,-0.3783170402484502,XYZ-XYZ
R-F-ThC_x,R-H-CTr_y,-0.37826653084357886,XYZ-XYZ
L-WH_x,R-F-FeTi_x,0.37823721827790163,XYZ-XYZ
L-F-CTr_y,R-M-TiTa_y,0.3778462830932408,XYZ-XYZ
L-H-ThC_x,L-H-ThC_z,-0.3773584512347394,XYZ-XYZ
L-H-FeTi_z,L-M-FeTi_y,-0.3766213833556829,XYZ-XYZ
L-F-CTr_z,R-M-TaG_y,-0.37632157484483175,XYZ-XYZ
L-M-TiTa_x,R-F-CTr_y,-0.37614980728251246,XYZ-XYZ
L-M-ThC_z,R-H-ThC_z,-0.3760890150949701,XYZ-XYZ
L-F-ThC_y,L-M-CTr_z,-0.37498511776357285,XYZ-XYZ
L-F-CTr_y,L-F-TiTa_z,-0.3749234706242878,XYZ-XYZ
L-H-CTr_x,R-F-ThC_y,0.3737676706665872,XYZ-XYZ
L-H-CTr_x,R-F-TaG_z,-0.3730774341269706,XYZ-XYZ
R-H-CTr_z,R-M-FeTi_y,-0.3726378813057583,XYZ-XYZ
R-F-TaG_z,R-F-ThC_z,0.3726112397576451,XYZ-XYZ
L-H-FeTi_z,L-H-TaG_y,0.37131482471946853,XYZ-XYZ
L-F-ThC_x,R-M-CTr_z,-0.37130150313045224,XYZ-XYZ
R-H-ThC_y,R-M-ThC_z,-0.37105064847747693,XYZ-XYZ
L-M-ThC_x,R-H-TaG_z,0.3706855645065516,XYZ-XYZ
L-H-ThC_z,L-M-ThC_y,0.37038648061666807,XYZ-XYZ
L-H-TaG_z,R-F-TaG_y,-0.3698844660419328,XYZ-XYZ
R-F-CTr_y,R-M-ThC_y,0.36889562575124035,XYZ-XYZ
R-F-ThC_x,R-H-ThC_z,0.3688302226462709,XYZ-XYZ
L-F-ThC_x,R-F-FeTi_x,0.36864167472488646,XYZ-XYZ
L-F-ThC_z,R-F-ThC_x,-0.36843294821853884,XYZ-XYZ
L-H-FeTi_z,R-H-TiTa_y,-0.36769649235656615,XYZ-XYZ
L-F-ThC_y,L-M-TiTa_z,-0.3676291140160542,XYZ-XYZ
R-M-FeTi_x,R-M-TaG_x,0.36755828449603223,XYZ-XYZ
L-H-CTr_y,L-M-TiTa_y,0.3673434979128661,XYZ-XYZ
R-H-CTr_z,R-WH_y,0.3671636974680335,XYZ-XYZ
L-F-FeTi_y,R-M-TiTa_y,0.3666865217205821,XYZ-XYZ
L-H-CTr_y,L-M-CTr_y,0.3666400734911515,XYZ-XYZ
L-M-ThC_y,R-H-ThC_x,-0.3666079744293671,XYZ-XYZ
L-F-TiTa_x,L-H-ThC_x,0.36604245473087954,XYZ-XYZ
L-H-FeTi_z,R-H-TaG_y,-0.3659935908404864,XYZ-XYZ
R-F-TaG_z,R-F-ThC_x,-0.3658584705880458,XYZ-XYZ
L-F-TiTa_x,L-WH_x,0.36583883756420194,XYZ-XYZ
L-F-CTr_x,L-F-CTr_z,0.36546859554715205,XYZ-XYZ
L-M-TaG_x,R-F-CTr_z,0.3651996653241282,XYZ-XYZ
L-F-TiTa_x,L-M-ThC_z,-0.36495253218208734,XYZ-XYZ
L-H-ThC_z,R-H-TaG_z,0.36448116930195007,XYZ-XYZ
L-F-ThC_x,L-H-CTr_z,0.36439480233238775,XYZ-XYZ
R-M-TaG_z,R-M-ThC_z,-0.3640754041141319,XYZ-XYZ
L-M-ThC_x,R-M-CTr_z,-0.3640366279796755,XYZ-XYZ
Notum_x,R-H-TiTa_z,0.3638437188410565,XYZ-XYZ
L-H-CTr_y,L-M-FeTi_y,0.3637356192785011,XYZ-XYZ
L-H-TaG_z,R-H-TiTa_z,0.3627943838962057,XYZ-XYZ
L-H-ThC_x,L-H-TiTa_z,0.3625035598432082,XYZ-XYZ
L-M-TiTa_x,R-F-CTr_z,0.3623360137073994,XYZ-XYZ
L-F-CTr_x,R-H-ThC_z,0.36203653676752157,XYZ-XYZ
L-H-TaG_z,L-WH_x,0.36182781700318745,XYZ-XYZ
L-F-CTr_z,L-F-FeTi_z,0.36177861547019824,XYZ-XYZ
L-H-TaG_x,L-H-TaG_y,-0.36141653858981027,XYZ-XYZ
L-F-ThC_x,L-F-ThC_z,-0.3610980958059921,XYZ-XYZ
L-F-TiTa_x,L-M-CTr_x,0.36059003937962136,XYZ-XYZ
L-F-ThC_z,R-H-TaG_z,0.36055149894783556,XYZ-XYZ
L-H-CTr_x,R-M-ThC_z,0.3595400508768371,XYZ-XYZ
R-F-FeTi_z,R-WH_x,0.3594606005334255,XYZ-XYZ
L-H-ThC_z,L-M-CTr_y,0.3593669246338086,XYZ-XYZ
L-H-FeTi_z,R-H-CTr_y,-0.35855752583449746,XYZ-XYZ
R-F-CTr_z,R-F-TiTa_z,0.3584215767380873,XYZ-XYZ
L-M-CTr_z,R-M-CTr_z,0.3583789209401241,XYZ-XYZ
L-F-TiTa_x,R-H-ThC_x,0.3575283068281468,XYZ-XYZ
L-M-TaG_y,R-F-FeTi_y,0.3575220060441747,XYZ-XYZ
L-H-CTr_x,L-WH_x,0.35605399940585336,XYZ-XYZ
L-M-ThC_y,Notum_x,-0.3559351426177646,XYZ-XYZ
L-F-TaG_x,L-WH_x,0.3558539353992767,XYZ-XYZ
R-F-TiTa_z,R-WH_x,0.35576603408275215,XYZ-XYZ
L-M-FeTi_z,L-WH_z,-0.35548899950746543,XYZ-XYZ
L-F-FeTi_x,L-F-FeTi_y,0.35434573774564637,XYZ-XYZ
L-H-CTr_x,R-H-TaG_z,0.35391917847296994,XYZ-XYZ
R-F-ThC_y,R-WH_z,0.35351084112944725,XYZ-XYZ
L-F-TiTa_x,R-WH_x,-0.35339076687100934,XYZ-XYZ
Notum_z,R-H-TaG_x,0.3533476610237652,XYZ-XYZ
L-H-TaG_y,Notum_x,-0.35324129634431156,XYZ-XYZ
L-H-CTr_y,R-M-CTr_z,0.35218100509970646,XYZ-XYZ
R-H-ThC_z,R-H-TiTa_y,0.3520916552411144,XYZ-XYZ
L-H-CTr_z,L-M-CTr_z,0.3518892218508509,XYZ-XYZ
L-H-TaG_y,R-M-ThC_x,-0.35175838894309425,XYZ-XYZ
L-M-TaG_z,R-H-ThC_y,-0.35155403128617985,XYZ-XYZ
L-F-ThC_x,L-M-ThC_y,-0.3505838477740866,XYZ-XYZ
L-M-FeTi_x,R-H-CTr_x,0.35009793896840863,XYZ-XYZ
L-F-CTr_y,R-M-TaG_y,0.3499660643642182,XYZ-XYZ
R-H-TiTa_z,R-M-FeTi_y,-0.3497892175399676,XYZ-XYZ
L-H-TiTa_z,R-F-TaG_y,-0.34968594199340136,XYZ-XYZ
L-F-TiTa_x,L-M-ThC_x,0.34964069561708677,XYZ-XYZ
Notum_y,R-H-TaG_z,-0.34903739440614623,XYZ-XYZ
R-F-ThC_y,R-H-TaG_z,0.34846129975272755,XYZ-XYZ
L-F-ThC_y,L-H-CTr_z,-0.3483104166358367,XYZ-XYZ
L-H-ThC_x,Notum_z,-0.3479834659251353,XYZ-XYZ
R-H-CTr_z,R-H-TaG_x,-0.34775195110669704,XYZ-XYZ
L-WH_z,R-WH_z,0.3471146563737692,XYZ-XYZ
L-F-FeTi_y,L-M-CTr_x,-0.347113813228276,XYZ-XYZ
R-M-CTr_z,R-M-ThC_z,-0.34689716721560443,XYZ-XYZ
L-WH_x,R-F-FeTi_z,-0.34687875921389744,XYZ-XYZ
R-F-TaG_z,R-M-CTr_x,-0.3462734847912065,XYZ-XYZ
L-H-CTr_x,R-WH_x,-0.3462729562418239,XYZ-XYZ
R-M-FeTi_x,R-M-ThC_z,0.346220293974152,XYZ-XYZ
L-M-ThC_z,R-F-TaG_z,0.3459198183885877,XYZ-XYZ
L-H-ThC_x,R-F-FeTi_x,0.3457982714429869,XYZ-XYZ
L-F-FeTi_x,L-WH_x,0.3451877404239105,XYZ-XYZ
L-F-TaG_y,R-F-FeTi_z,0.3450839891589917,XYZ-XYZ
L-F-TiTa_y,R-M-FeTi_y,0.34506339598609903,XYZ-XYZ
R-F-TaG_y,R-F-ThC_z,-0.34498386747937265,XYZ-XYZ
L-H-TiTa_z,R-M-CTr_z,-0.3447294795213617,XYZ-XYZ
L-F-CTr_x,L-M-TiTa_z,0.3446992506594209,XYZ-XYZ
L-H-TiTa_z,R-H-TiTa_y,-0.344671405886502,XYZ-XYZ
L-F-CTr_y,L-M-CTr_x,-0.34434840670886796,XYZ-XYZ
R-M-CTr_y,R-M-TiTa_z,0.34395923161977626,XYZ-XYZ
L-F-CTr_x,R-H-CTr_y,-0.34390904439293535,XYZ-XYZ
L-M-TiTa_z,Notum_y,-0.34361249673324107,XYZ-XYZ
L-M-ThC_x,R-F-TiTa_z,-0.3434319727841533,XYZ-XYZ
L-M-CTr_y,R-M-ThC_z,-0.3432155998329039,XYZ-XYZ
L-M-TaG_z,R-M-TaG_x,-0.342931057693437,XYZ-XYZ
R-H-TiTa_y,R-H-TiTa_z,0.342680110763455,XYZ-XYZ
R-F-TaG_y,R-F-TiTa_z,-0.34224164217418174,XYZ-XYZ
L-H-TaG_y,L-H-TiTa_x,-0.34212291010152884,XYZ-XYZ
R-H-TaG_y,R-WH_y,0.341870588252949,XYZ-XYZ
L-H-CTr_y,L-M-ThC_y,0.34164555702978955,XYZ-XYZ
L-M-FeTi_z,L-M-ThC_y,-0.34107269079196534,XYZ-XYZ
L-F-TiTa_z,R-M-CTr_y,-0.34098499139523913,XYZ-XYZ
L-H-TaG_y,R-F-TaG_z,0.3408622583728026,XYZ-XYZ
L-H-CTr_z,R-H-TiTa_x,-0.3408219271525641,XYZ-XYZ
L-WH_x,R-F-TiTa_z,-0.34074695013341005,XYZ-XYZ
L-H-TaG_z,L-M-TaG_z,0.34030436658570173,XYZ-XYZ
R-H-CTr_x,R-H-ThC_z,0.34017545759597,XYZ-XYZ
L-H-TiTa_z,R-F-CTr_y,-0.34017102272941774,XYZ-XYZ
L-F-TaG_x,R-WH_x,-0.3399828415387028,XYZ-XYZ
L-F-TaG_y,R-H-TiTa_z,-0.3397880402237753,XYZ-XYZ
L-F-ThC_y,R-H-ThC_x,-0.33970870290961847,XYZ-XYZ
L-F-FeTi_y,R-M-TaG_y,0.3396761538543148,XYZ-XYZ
R-H-TaG_z,R-WH_y,0.3395232931855829,XYZ-XYZ
L-H-CTr_z,L-M-TaG_y,-0.33951511566543696,XYZ-XYZ
R-H-FeTi_y,R-H-TaG_x,0.3394496806135325,XYZ-XYZ
L-F-ThC_y,R-F-ThC_x,-0.3392764792421223,XYZ-XYZ
L-F-FeTi_x,L-H-ThC_x,0.33921574871263227,XYZ-XYZ
L-H-CTr_y,L-M-CTr_x,-0.33839635546659436,XYZ-XYZ
L-F-ThC_z,L-WH_y,-0.3383079162013741,XYZ-XYZ
L-H-CTr_z,L-H-FeTi_z,0.3382371310402818,XYZ-XYZ
L-H-TiTa_z,Notum_x,0.33818365313509907,XYZ-XYZ
L-M-TiTa_z,R-M-CTr_z,-0.33806479771472725,XYZ-XYZ
R-H-CTr_y,R-M-ThC_y,0.33799516514170785,XYZ-XYZ
L-H-FeTi_z,L-M-FeTi_x,0.3378314293140072,XYZ-XYZ
L-F-CTr_x,L-H-TaG_z,0.3375734630067576,XYZ-XYZ
L-H-CTr_z,R-F-CTr_y,-0.3369634107057748,XYZ-XYZ
L-F-TiTa_y,R-H-TiTa_z,-0.33694417719901903,XYZ-XYZ
L-F-TaG_y,R-H-TaG_z,-0.33669417236158655,XYZ-XYZ
L-F-TaG_z,R-H-TaG_y,0.33622933602994226,XYZ-XYZ
L-F-ThC_z,R-M-ThC_z,-0.3361261941251189,XYZ-XYZ
L-H-TaG_x,L-H-TiTa_y,-0.3354667417334086,XYZ-XYZ
L-F-ThC_x,L-H-TaG_z,0.335380244415466,XYZ-XYZ
L-M-FeTi_y,R-H-TaG_y,0.33529837799492546,XYZ-XYZ
L-M-FeTi_y,R-F-CTr_y,0.33528304847555235,XYZ-XYZ
L-F-CTr_x,L-M-FeTi_z,0.33519458553444675,XYZ-XYZ
L-H-TiTa_z,R-F-TiTa_y,-0.33486563400090835,XYZ-XYZ
R-H-TaG_z,R-H-ThC_y,0.33478715054513464,XYZ-XYZ
R-F-TiTa_z,R-M-ThC_x,-0.3344087693799408,XYZ-XYZ
L-H-TiTa_z,Notum_y,-0.33426791601427414,XYZ-XYZ
L-M-CTr_z,Notum_x,-0.3338764804781143,XYZ-XYZ
R-H-TiTa_x,R-M-FeTi_y,0.3336479142636433,XYZ-XYZ
L-H-CTr_y,R-M-ThC_x,-0.3336330766078941,XYZ-XYZ
R-H-CTr_x,R-H-TiTa_z,0.33363274695769235,XYZ-XYZ
R-M-CTr_y,R-M-TiTa_y,0.33340208688462114,XYZ-XYZ
L-M-FeTi_x,Notum_z,-0.33339630942896953,XYZ-XYZ
L-H-FeTi_z,L-H-ThC_x,0.3332067657663601,XYZ-XYZ
R-F-ThC_y,R-H-TaG_y,-0.33300148708022237,XYZ-XYZ
L-F-TiTa_x,R-M-ThC_x,0.3324150534506476,XYZ-XYZ
R-M-FeTi_z,R-M-TaG_x,-0.3319738712566554,XYZ-XYZ
L-F-FeTi_x,R-WH_x,-0.33194875801049184,XYZ-XYZ
L-F-ThC_z,L-H-ThC_x,-0.3319018226231041,XYZ-XYZ
L-F-ThC_x,R-M-TaG_z,-0.33175236575836814,XYZ-XYZ
L-F-FeTi_y,R-M-CTr_y,0.3317045360745671,XYZ-XYZ
L-F-TaG_z,R-H-ThC_z,0.3315147823880418,XYZ-XYZ
L-M-FeTi_y,R-F-CTr_z,-0.3314941011872328,XYZ-XYZ
L-H-CTr_z,L-M-TiTa_y,-0.33144711511662023,XYZ-XYZ
R-F-ThC_y,R-M-CTr_z,-0.3314055826234183,XYZ-XYZ
R-H-CTr_y,R-H-FeTi_x,0.3313200505534785,XYZ-XYZ
Notum_z,R-M-TaG_z,0.3312773921492009,XYZ-XYZ
L-M-TiTa_x,R-M-TiTa_x,-0.3312452361369451,XYZ-XYZ
L-F-ThC_x,R-H-CTr_y,-0.3311592718612641,XYZ-XYZ
L-F-FeTi_x,R-F-ThC_x,0.33097986200166013,XYZ-XYZ
L-M-FeTi_z,R-H-CTr_y,-0.33092962188655445,XYZ-XYZ
L-H-FeTi_z,R-M-CTr_z,-0.3303513599531899,XYZ-XYZ
R-M-CTr_x,R-M-ThC_y,0.3301480237000392,XYZ-XYZ
L-H-TaG_y,R-M-FeTi_y,0.3299485252223507,XYZ-XYZ
L-H-FeTi_z,Notum_y,-0.3299451795068423,XYZ-XYZ
L-M-CTr_y,R-M-CTr_z,0.32955083326186396,XYZ-XYZ
L-H-CTr_z,R-H-CTr_z,0.3293646825156085,XYZ-XYZ
R-F-FeTi_y,R-WH_y,0.32935608986989057,XYZ-XYZ
R-F-CTr_x,R-F-TiTa_z,-0.32912434606928687,XYZ-XYZ
R-H-ThC_y,R-M-TaG_z,0.3290202438088301,XYZ-XYZ
L-H-ThC_y,Notum_y,0.328713070593412,XYZ-XYZ
L-M-FeTi_x,L-M-FeTi_y,-0.3283556738468472,XYZ-XYZ
L-H-CTr_y,L-H-ThC_x,-0.32793310370965273,XYZ-XYZ
L-F-TiTa_x,L-WH_z,-0.32793248638943706,XYZ-XYZ
L-H-CTr_y,R-H-FeTi_z,-0.32760707836289876,XYZ-XYZ
R-H-ThC_x,R-H-ThC_y,-0.32731367595135435,XYZ-XYZ
L-WH_z,R-H-ThC_y,0.3272913589443954,XYZ-XYZ
L-F-FeTi_y,L-WH_y,0.32726806339210474,XYZ-XYZ
L-M-CTr_x,R-F-FeTi_x,0.3272415484997837,XYZ-XYZ
R-H-TaG_z,R-M-CTr_x,0.3269987557466952,XYZ-XYZ
R-F-ThC_x,R-M-FeTi_x,0.3269392616757221,XYZ-XYZ
R-H-CTr_y,R-H-FeTi_y,0.3265983620606832,XYZ-XYZ
L-H-TaG_y,R-M-TaG_y,0.3265494193897302,XYZ-XYZ
R-F-CTr_x,R-F-TaG_z,-0.32632831006418317,XYZ-XYZ
R-F-TiTa_x,R-F-TiTa_z,-0.32597407758976465,XYZ-XYZ
L-F-ThC_z,L-WH_z,0.32595640734617337,XYZ-XYZ
Notum_x,R-M-FeTi_z,0.3249546211280551,XYZ-XYZ
L-M-FeTi_y,R-F-FeTi_y,0.3247687484828224,XYZ-XYZ
L-H-CTr_z,L-M-TaG_z,0.3246225954890593,XYZ-XYZ
L-F-CTr_y,R-M-CTr_y,0.3238241144900491,XYZ-XYZ
L-M-ThC_x,R-F-FeTi_z,-0.3238232136079792,XYZ-XYZ
L-M-CTr_y,L-M-TiTa_y,0.3237215251077349,XYZ-XYZ
R-H-FeTi_z,R-M-TiTa_y,-0.3234723804466895,XYZ-XYZ
R-H-CTr_y,R-M-CTr_z,0.32317743910424784,XYZ-XYZ
L-M-TiTa_z,R-H-CTr_y,-0.3231461249758555,XYZ-XYZ
L-H-CTr_z,L-M-FeTi_y,-0.32271271364438847,XYZ-XYZ
R-H-CTr_x,R-WH_z,0.32270292025999947,XYZ-XYZ
Notum_y,R-WH_z,-0.3225200687173693,XYZ-XYZ
L-H-CTr_y,L-H-FeTi_x,-0.3217369279353587,XYZ-XYZ
L-F-FeTi_z,R-M-ThC_y,-0.3216421894809588,XYZ-XYZ
L-H-TaG_z,R-H-TiTa_y,-0.32126329908605866,XYZ-XYZ
L-M-ThC_y,R-H-ThC_z,-0.3209257925954639,XYZ-XYZ
L-H-TiTa_z,R-H-TaG_z,0.31997241242866165,XYZ-XYZ
L-H-TaG_z,L-M-CTr_x,0.31969172160216436,XYZ-XYZ
L-H-TiTa_y,R-M-FeTi_y,0.31960993203891697,XYZ-XYZ
L-F-TiTa_y,L-H-CTr_y,0.3188784286167599,XYZ-XYZ
L-M-FeTi_x,R-M-TaG_x,-0.318849123065149,XYZ-XYZ
Notum_x,R-H-FeTi_z,0.31864451885460093,XYZ-XYZ
L-H-ThC_x,R-M-FeTi_x,0.3185054015510849,XYZ-XYZ
L-F-ThC_y,L-WH_x,-0.31819725135171495,XYZ-XYZ
L-F-ThC_x,R-F-TaG_z,-0.3181896232233495,XYZ-XYZ
R-F-FeTi_z,R-M-FeTi_y,0.31812445194125344,XYZ-XYZ
L-F-FeTi_y,R-H-FeTi_z,-0.31805239089427184,XYZ-XYZ
L-M-TaG_z,R-M-ThC_y,-0.3179503441730526,XYZ-XYZ
L-H-CTr_y,L-H-TaG_x,-0.3179391119534933,XYZ-XYZ
R-F-ThC_y,R-M-FeTi_z,0.31766540078047256,XYZ-XYZ
L-M-ThC_y,R-F-CTr_y,0.31752686308461403,XYZ-XYZ
L-H-CTr_y,R-F-ThC_x,-0.31728618243819245,XYZ-XYZ
L-M-FeTi_y,L-M-TaG_x,-0.3170102295493149,XYZ-XYZ
R-F-TaG_z,R-H-ThC_x,-0.31619414099400933,XYZ-XYZ
L-M-CTr_y,R-F-ThC_z,-0.31588965336361696,XYZ-XYZ
L-F-TaG_y,R-F-TiTa_z,0.31547737358677574,XYZ-XYZ
Notum_z,R-H-TiTa_x,0.3154021973135098,XYZ-XYZ
L-H-TaG_z,R-M-ThC_z,0.3153394263210878,XYZ-XYZ
R-H-FeTi_y,R-H-ThC_z,0.3152865505546944,XYZ-XYZ
L-M-ThC_y,R-F-ThC_z,-0.3150175231500977,XYZ-XYZ
R-H-TaG_y,R-H-ThC_z,0.3145775603656772,XYZ-XYZ
L-M-CTr_y,R-M-TaG_z,0.31440296347063384,XYZ-XYZ
L-H-CTr_x,R-F-TiTa_z,-0.3143591059299072,XYZ-XYZ
L-M-ThC_y,R-H-CTr_x,-0.31423746864356256,XYZ-XYZ
L-H-TaG_y,R-M-TiTa_y,0.3141358222691342,XYZ-XYZ
L-F-CTr_x,L-H-ThC_z,-0.3140852239743698,XYZ-XYZ
L-H-TiTa_z,L-M-ThC_z,-0.31387831089775015,XYZ-XYZ
R-H-ThC_z,R-M-FeTi_x,0.3138582453055348,XYZ-XYZ
L-H-CTr_x,L-H-TaG_x,0.3138324217929104,XYZ-XYZ
R-F-ThC_z,R-WH_y,-0.3136711174769859,XYZ-XYZ
L-H-FeTi_y,L-H-TaG_z,0.31351376960896815,XYZ-XYZ
L-H-TiTa_z,R-F-ThC_x,0.3134577221441964,XYZ-XYZ
L-M-FeTi_y,R-H-TiTa_y,0.3133517317750089,XYZ-XYZ
R-F-CTr_x,R-M-ThC_z,0.3130711607477328,XYZ-XYZ
L-F-ThC_x,R-M-TaG_x,-0.3130643098696219,XYZ-XYZ
L-WH_z,R-M-TaG_x,0.3125872733440281,XYZ-XYZ
L-H-TaG_z,L-M-FeTi_z,0.31245517005311507,XYZ-XYZ
L-H-TaG_z,R-H-CTr_z,0.3123715390749694,XYZ-XYZ
L-H-TaG_z,R-F-TiTa_y,-0.31217299175618074,XYZ-XYZ
L-H-ThC_z,L-WH_y,0.3121659092741268,XYZ-XYZ
L-H-CTr_y,R-H-CTr_x,-0.3121324482394367,XYZ-XYZ
R-F-FeTi_z,R-M-TaG_y,0.3116816922698674,XYZ-XYZ
L-H-TaG_z,L-M-TiTa_x,0.31143750218464566,XYZ-XYZ
L-F-TaG_z,R-M-ThC_z,0.31142212479334375,XYZ-XYZ
R-H-FeTi_z,R-M-TaG_y,-0.3113453366875329,XYZ-XYZ
L-F-ThC_y,R-M-TiTa_z,0.31117692771064953,XYZ-XYZ
L-F-ThC_y,L-M-FeTi_z,-0.3111737363136325,XYZ-XYZ
L-M-FeTi_x,R-F-TaG_z,-0.3109851068528409,XYZ-XYZ
L-H-TaG_x,R-H-ThC_y,0.31083493713845495,XYZ-XYZ
R-F-TiTa_z,R-M-FeTi_y,0.3106464394886221,XYZ-XYZ
L-M-FeTi_x,R-F-FeTi_x,0.31046167189336976,XYZ-XYZ
R-H-CTr_z,R-H-ThC_y,0.3103742551286181,XYZ-XYZ
R-F-CTr_y,R-F-TiTa_z,-0.31028636630954054,XYZ-XYZ
L-H-ThC_x,R-M-TaG_x,-0.31025107587630363,XYZ-XYZ
L-M-TiTa_y,R-F-FeTi_z,-0.3101394871727154,XYZ-XYZ
R-M-CTr_z,R-M-TiTa_y,-0.3101279262577249,XYZ-XYZ
L-F-TiTa_x,R-M-CTr_x,0.3097897920748909,XYZ-XYZ
L-F-CTr_x,L-M-TiTa_x,0.30949044187684777,XYZ-XYZ
L-H-TiTa_y,R-M-TaG_y,0.3092369783868327,XYZ-XYZ
L-F-TaG_y,R-F-FeTi_y,-0.30920215060244743,XYZ-XYZ
L-F-CTr_y,L-WH_y,0.30882125324499893,XYZ-XYZ
Notum_y,R-H-TaG_y,0.30877097662652536,XYZ-XYZ
L-WH_z,R-H-TaG_x,0.3086117972290547,XYZ-XYZ
L-F-CTr_z,R-M-FeTi_y,-0.3085714148420193,XYZ-XYZ
L-H-ThC_x,R-M-TaG_z,-0.30841308093435826,XYZ-XYZ
L-F-CTr_y,L-M-ThC_z,0.3083693073154372,XYZ-XYZ
L-H-ThC_z,R-F-ThC_x,-0.3083611334710361,XYZ-XYZ
L-H-TiTa_y,R-M-TiTa_y,0.30823476298722885,XYZ-XYZ
L-F-TaG_z,L-H-ThC_y,0.30818209800255997,XYZ-XYZ
L-F-ThC_y,R-WH_x,0.3080880773536682,XYZ-XYZ
Notum_y,R-H-ThC_y,0.30772522809831004,XYZ-XYZ
L-F-FeTi_y,R-H-TiTa_z,-0.3074345788400635,XYZ-XYZ
R-H-ThC_z,R-H-TiTa_z,0.3073527012501079,XYZ-XYZ
L-M-ThC_y,L-M-TiTa_z,-0.3070311392562119,XYZ-XYZ
R-F-FeTi_z,R-M-TiTa_y,0.30697663073243414,XYZ-XYZ
L-H-CTr_z,R-H-TaG_z,0.30691003085301183,XYZ-XYZ
R-M-CTr_z,R-M-FeTi_y,-0.3068497562304622,XYZ-XYZ
L-M-TaG_x,L-M-TaG_y,-0.3065774859171706,XYZ-XYZ
R-F-TiTa_z,R-M-TaG_y,0.3060887020258326,XYZ-XYZ
L-H-TiTa_y,R-H-FeTi_y,-0.3055267749215045,XYZ-XYZ
L-F-FeTi_y,L-H-CTr_y,0.3049709359415527,XYZ-XYZ
R-H-CTr_x,R-H-TaG_z,0.3048985327822353,XYZ-XYZ
L-H-TiTa_z,L-M-ThC_x,0.30477035691465826,XYZ-XYZ
R-M-CTr_z,R-M-TaG_y,-0.3043716087852629,XYZ-XYZ
L-F-TaG_z,L-M-ThC_y,-0.30418354937219816,XYZ-XYZ
L-M-TaG_z,R-M-CTr_x,0.30416443799776816,XYZ-XYZ
L-H-ThC_z,L-M-TaG_z,-0.3040272486903558,XYZ-XYZ
L-M-CTr_y,L-M-ThC_z,0.30391697727505707,XYZ-XYZ
L-M-CTr_z,L-M-FeTi_x,0.3035454494028511,XYZ-XYZ
L-H-FeTi_z,R-F-ThC_x,0.30354358915549134,XYZ-XYZ
L-H-CTr_z,R-M-TaG_x,-0.3032815967673264,XYZ-XYZ
L-F-ThC_y,R-H-TaG_z,0.30320309531973166,XYZ-XYZ
R-H-TaG_x,R-H-TaG_y,0.30295594129472486,XYZ-XYZ
L-H-TiTa_x,L-H-TiTa_y,-0.3026158749223656,XYZ-XYZ
L-M-CTr_y,L-M-TaG_z,-0.30210996359206405,XYZ-XYZ
Notum_x,R-H-ThC_z,0.3019399929165836,XYZ-XYZ
R-M-ThC_x,R-M-ThC_y,0.3018627848533975,XYZ-XYZ
L-M-TaG_z,R-H-ThC_z,0.3015433763459964,XYZ-XYZ
L-M-CTr_y,R-F-FeTi_y,0.30146782777612724,XYZ-XYZ
L-H-FeTi_z,L-H-TaG_x,-0.30137827147937213,XYZ-XYZ
R-H-ThC_z,R-M-TaG_z,-0.3012054086701784,XYZ-XYZ
L-F-TiTa_y,R-F-FeTi_z,0.30067847317439655,XYZ-XYZ
L-H-FeTi_z,R-M-ThC_x,0.30059813131403984,XYZ-XYZ
L-M-TaG_y,R-H-TaG_y,0.3003931976037785,XYZ-XYZ
R-H-TaG_y,R-M-ThC_x,-0.30011620193891214,XYZ-XYZ
